city,bedrooms,city_center_dist_km,metro_dist_km
London,0,5.971,0.31
Amsterdam,0,1.066,1.135
London,0,3.712,0.371
London,1,8.187,1.269
London,2,3.585,0.521
London,1,3.072,0.158
Amsterdam,1,0.364,0.38
London,0,1.928,0.336
London,1,2.269,0.05
London,3,10.982,4.318
London,1,4.019,0.485
London,1,5.756,0.616
London,1,4.777,0.35
Amsterdam,3,3.364,0.697
London,3,3.704,0.329
London,2,14.449,5.043
London,1,4.041,0.897
London,0,7.483,1.806
Amsterdam,3,3.705,2.291
Amsterdam,1,1.536,1.474
Barcelona,1,2.878,0.484
Amsterdam,2,4.784,0.462
London,2,1.857,0.395
London,3,3.583,0.25
London,0,3.84,0.493
London,1,1.599,0.273
London,1,5.262,0.064
London,1,5.56,1.372
London,1,7.073,2.35
London,1,5.029,1.528
London,2,5.29,1.72
London,1,3.872,1.223
Amsterdam,3,2.176,1.748
London,2,3.083,0.463
London,2,2.333,0.42
London,2,2.183,0.465
London,1,14.058,5.055
Amsterdam,3,3.388,2.112
London,1,4.153,0.576
London,0,2.974,0.354
London,1,4.415,1.147
London,1,4.529,0.409
Amsterdam,1,1.315,1.35
London,1,6.29,0.604
London,1,8.441,0.974
Barcelona,1,1.172,0.197
Amsterdam,1,3.542,0.453
London,1,7.593,0.758
London,2,7.723,1.293
London,1,5.41,2.16
Amsterdam,1,4.296,0.771
London,1,7.147,0.232
London,1,1.965,0.489
London,1,5.88,0.609
Amsterdam,1,1.097,0.569
London,2,8.22,3.871
London,1,4.485,0.353
London,1,6.392,0.648
London,1,4.543,0.245
Amsterdam,1,6.291,2.381
London,2,4.289,0.119
Amsterdam,0,1.702,1.839
London,0,2.036,0.422
London,2,3.763,0.804
London,1,4.639,0.496
London,1,3.229,0.488
London,1,5.228,1.335
London,2,6.671,0.521
Barcelona,0,0.381,0.339
London,1,5.949,0.384
London,3,7.333,0.353
London,1,3.402,0.1
Barcelona,1,1.564,0.594
Amsterdam,1,3.152,0.92
London,2,0.566,0.197
Barcelona,1,0.799,0.146
London,1,6.615,1.332
London,1,1.229,0.274
London,2,4.964,0.358
London,2,6.509,0.308
London,0,3.856,0.48
London,3,6.789,3.688
London,1,3.859,0.265
London,1,6.021,1.66
London,0,3.51,0.185
London,2,2.627,0.247
Amsterdam,2,6.805,0.418
London,2,9.253,0.733
London,1,4.646,0.178
Amsterdam,1,2.835,0.492
Amsterdam,1,1.66,0.037
Amsterdam,1,1.738,1.878
London,1,3.627,0.449
Amsterdam,1,0.811,0.286
London,1,3.279,0.141
London,3,6.883,1.433
London,2,4.06,0.745
London,1,4.868,2.17
London,1,9.819,4.798
London,1,3.335,0.398
London,2,4.788,0.106
Barcelona,3,1.88,0.216
London,2,6.036,0.663
London,3,6.787,1.574
London,1,9.819,4.798
Amsterdam,1,6.375,2.446
London,0,8.163,1.425
London,1,5.11,1.105
London,0,7.413,0.507
London,1,6.158,0.424
London,2,3.234,0.3
London,2,4.057,0.532
London,2,4.357,0.837
London,2,8.191,3.962
London,1,5.011,1.071
London,2,5.533,1.756
London,1,7.889,1.957
London,1,3.075,0.63
London,1,6.67,1.538
London,0,4.304,0.245
London,3,9.087,0.969
London,1,3.179,0.115
Amsterdam,0,0.744,0.512
London,1,4.73,0.269
London,2,1.437,0.379
London,2,7.991,3.498
London,1,4.895,0.106
London,1,9.14,4.006
London,2,8.157,1.596
London,1,1.688,0.529
London,3,6.506,0.841
London,1,4.868,1.53
London,1,2.254,0.513
Barcelona,1,1.404,0.197
London,2,4.296,0.304
London,2,6.973,0.635
London,0,3.163,0.355
London,0,7.751,0.1
London,2,7.298,2.377
London,1,5.428,0.112
London,1,13.967,4.846
London,1,5.213,0.565
London,1,4.779,2.147
London,1,1.869,0.21
London,1,4.345,0.643
London,2,5.235,0.191
London,1,4.388,1.043
London,1,3.042,0.044
London,1,4.486,0.306
London,1,3.177,0.559
Amsterdam,1,3.313,0.517
London,2,7.57,0.62
London,1,7.2,0.618
Amsterdam,2,10.126,0.325
London,1,2.221,0.585
London,0,5.976,0.179
Amsterdam,2,10.73,0.504
London,2,4.348,1.702
London,1,4.917,1.183
London,1,5.503,1.047
London,2,9.277,3.895
Amsterdam,1,2.379,0.373
London,2,3.838,0.167
Amsterdam,2,1.977,1.824
London,1,3.829,0.927
London,0,3.088,0.191
London,2,3.775,0.79
London,1,4.719,0.471
London,1,4.432,1.761
London,1,5.88,0.609
London,0,5.61,0.071
London,2,7.445,2.336
London,0,3.935,0.365
London,1,3.953,0.486
Barcelona,1,0.246,0.229
London,3,7.531,3.047
Barcelona,1,1.001,0.527
Barcelona,1,3.132,1.505
London,1,4.7,0.313
Amsterdam,1,1.352,1.376
Amsterdam,1,3.019,0.792
London,2,10.864,6.675
London,2,17.296,5.395
London,1,3.896,0.396
London,0,1.862,0.341
Amsterdam,2,4.105,0.948
London,2,10.226,2.677
Amsterdam,2,4.094,0.279
London,1,3.179,0.115
London,1,7.232,0.577
London,2,0.324,0.037
London,2,2.553,0.482
London,1,3.787,1.726
London,2,4.006,0.201
London,2,5.717,0.604
London,1,7.852,3.754
Barcelona,2,0.967,0.224
London,1,3.655,1.086
Amsterdam,2,4.033,0.977
London,2,8.823,4.245
London,1,3.986,0.419
Amsterdam,3,2.532,1.951
Barcelona,2,2.356,0.446
Barcelona,1,1.583,0.458
Amsterdam,2,4.075,1.873
Amsterdam,1,4.2,0.448
Amsterdam,2,6.843,2.249
London,1,5.999,2.178
London,0,4.004,0.454
London,0,4.119,0.105
London,2,6.248,2.618
London,0,4.956,0.382
Barcelona,2,1.883,0.416
London,1,8.748,1.307
Barcelona,1,1.876,0.472
Amsterdam,2,3.569,0.698
London,1,5.383,0.301
London,1,5.171,0.169
London,2,4.693,0.06
London,1,7.233,0.567
Amsterdam,1,1.097,0.569
London,1,5.496,0.449
London,0,3.289,0.33
London,3,6.871,0.794
Amsterdam,1,6.763,3.934
Amsterdam,2,1.977,1.824
London,1,6.805,0.695
London,2,6.077,0.314
London,1,6.932,0.306
London,0,6.709,0.305
London,2,5.472,1.22
Barcelona,1,1.473,0.179
London,0,9.046,1.608
London,1,1.464,0.407
London,1,4.752,0.563
Amsterdam,1,2.333,0.388
London,0,4.631,0.196
London,0,8.176,0.239
London,1,4.625,0.231
London,2,9.867,4.791
London,3,8.245,4.269
London,0,5.545,0.973
London,3,6.33,2.114
Amsterdam,2,1.785,0.825
London,2,3.207,0.12
Amsterdam,1,2.87,0.67
London,1,7.546,2.682
Barcelona,2,4.424,0.285
London,1,2.819,0.62
Amsterdam,1,2.374,0.363
Amsterdam,1,0.895,0.384
London,2,1.353,0.551
London,1,4.197,0.308
London,1,5.795,0.22
London,1,4.651,0.23
London,1,9.052,2.181
London,1,5.142,0.218
London,1,7.528,0.488
Amsterdam,1,3.91,0.711
London,1,5.129,0.609
Amsterdam,1,3.008,0.861
London,1,6.28,1.479
London,1,3.829,0.927
London,1,8.282,0.681
Barcelona,1,1.54,0.432
Amsterdam,0,2.979,1.458
London,0,5.806,0.148
Amsterdam,2,1.071,0.383
London,1,2.581,0.27
London,2,9.659,0.316
London,1,3.182,0.236
London,2,5.429,0.164
London,0,4.702,0.432
London,1,2.684,0.4
London,1,2.609,0.192
London,1,7.096,1.238
London,1,4.277,0.415
London,3,5.106,0.232
London,1,3.554,0.771
London,1,4.333,0.417
London,2,2.059,0.479
London,1,7.746,0.657
London,2,14.91,4.211
London,0,5.907,0.411
Amsterdam,2,2.265,0.456
Barcelona,2,2.66,0.708
London,2,5.273,0.318
London,1,5.999,2.178
London,1,4.406,1.09
London,1,1.389,0.234
London,2,6.243,1.551
London,2,5.812,0.356
London,1,3.25,0.638
London,1,3.188,0.575
Amsterdam,2,2.262,1.848
London,1,5.081,1.474
Amsterdam,2,1.871,1.934
Barcelona,2,0.784,0.481
Amsterdam,1,2.926,0.849
London,2,5.183,0.857
London,1,5.955,1.872
London,2,2.309,0.766
London,2,3.293,0.698
London,1,4.309,0.431
London,1,11.316,2.429
Amsterdam,2,4.033,0.977
London,1,4.875,1.09
London,1,3.336,0.308
London,0,7.103,0.981
London,0,3.936,0.354
London,1,3.627,0.449
London,1,3.166,0.262
London,2,5.945,1.216
London,1,1.236,0.099
London,1,4.436,0.404
London,1,10.561,5.318
Barcelona,2,2.834,0.531
London,1,3.273,0.179
London,1,4.964,1.353
London,1,7.348,1.071
London,1,7.401,0.459
London,0,5.922,0.244
Barcelona,0,1.859,0.613
London,0,3.84,0.493
London,0,4.908,1.368
Amsterdam,1,3.091,0.521
Amsterdam,1,1.733,0.504
Amsterdam,0,3.294,0.67
London,1,6.055,0.329
London,0,4.098,0.576
London,0,4.852,0.467
London,2,3.331,0.099
Barcelona,2,2.383,0.431
London,1,5.867,0.453
Amsterdam,1,1.898,1.908
London,2,5.836,0.445
London,2,5.058,0.681
London,2,2.216,0.676
London,2,6.681,0.497
Amsterdam,1,8.257,3.962
London,2,3.008,0.104
London,1,3.379,0.254
London,1,3.927,0.313
London,1,7.979,0.933
London,1,1.189,0.238
London,1,3.651,0.256
London,1,1.853,0.232
London,1,8.218,3.291
London,1,6.017,2.159
London,0,4.491,0.354
London,1,2.501,0.368
Barcelona,1,3.217,0.086
London,1,4.193,0.278
London,2,4.854,0.522
Barcelona,2,1.355,0.465
London,1,4.58,0.289
London,1,3.913,0.38
London,1,4.867,1.56
Barcelona,2,1.188,0.329
London,1,6.357,0.844
London,1,6.48,0.6
London,1,3.231,0.186
Barcelona,1,2.637,0.912
Amsterdam,1,4.084,0.859
Amsterdam,1,1.838,1.748
London,1,6.585,0.346
London,1,2.743,0.447
London,1,6.262,1.188
London,0,4.7,0.489
London,0,1.221,0.256
London,0,4.867,1.313
London,1,1.465,0.27
Amsterdam,1,2.746,1.179
London,0,3.84,0.493
London,1,7.244,0.128
Barcelona,1,1.06,0.193
London,3,5.057,0.313
London,2,2.051,0.448
London,1,3.247,0.625
Amsterdam,1,1.733,1.776
London,2,3.683,1.239
London,1,4.246,0.135
London,1,1.371,0.31
London,2,2.065,0.589
London,2,5.048,0.276
Amsterdam,2,1.838,1.584
Amsterdam,1,0.57,0.632
London,1,10.03,2.547
London,1,6.853,3.24
London,1,4.3,0.384
Amsterdam,2,0.742,0.491
London,1,4.208,0.878
London,2,8.594,3.959
London,1,3.819,0.249
London,1,1.769,0.225
London,0,3.554,0.203
Amsterdam,2,2.86,0.577
London,1,5.889,2.774
Amsterdam,1,3.571,2.62
London,0,4.03,0.151
Barcelona,2,1.836,0.311
London,1,2.247,0.427
London,0,5.675,0.209
London,1,4.951,0.366
Barcelona,0,0.791,0.176
London,1,6.066,0.451
London,1,5.028,1.862
London,1,5.165,0.339
London,1,5.45,0.627
London,1,5.428,0.112
London,1,11.135,5.994
Barcelona,2,0.138,0.148
London,1,7.6,3.113
London,1,4.241,0.306
London,1,5.41,2.16
Barcelona,0,1.017,0.193
London,1,6.263,0.234
Barcelona,1,2.438,0.171
Barcelona,2,3.49,0.203
Amsterdam,1,1.888,1.806
Barcelona,2,1.11,0.432
London,1,5.497,0.485
Amsterdam,1,1.852,0.685
London,1,7.651,1.604
Amsterdam,2,7.726,3.805
Amsterdam,2,9.187,0.699
London,0,1.422,0.322
London,2,4.543,0.19
London,2,6.733,2.022
London,0,5.687,0.328
London,2,2.447,0.32
London,1,2.62,0.525
London,2,6.046,0.63
Amsterdam,1,3.372,2.139
London,2,7.447,2.32
London,1,7.112,0.287
London,1,6.183,2.562
London,0,3.824,0.248
London,1,3.577,0.316
London,1,4.929,1.254
Barcelona,1,2.555,0.721
London,2,4.236,0.349
London,2,4.589,2.072
London,1,3.74,0.233
London,0,7.302,0.365
London,3,9.796,5.627
London,2,2.751,0.389
London,1,7.653,1.279
London,0,4.177,0.325
London,3,9.254,2.05
Amsterdam,1,2.758,1.661
London,2,6.007,0.236
London,1,4.774,1.485
London,1,3.422,0.025
London,1,8.174,1.336
London,1,4.71,1.086
Amsterdam,1,2.807,1.671
Amsterdam,1,1.058,1.065
London,1,5.949,0.384
London,2,4.564,0.481
London,1,2.419,0.612
London,1,4.346,0.854
London,1,4.531,0.106
London,3,7.852,2.571
London,1,4.656,0.381
London,1,5.831,0.357
Amsterdam,1,1.668,1.797
Barcelona,1,2.302,0.205
Amsterdam,1,0.475,0.211
London,0,3.528,0.197
London,1,3.1,0.205
London,1,3.678,0.844
London,0,7.786,0.168
Amsterdam,1,0.906,0.695
London,1,3.415,0.063
London,2,2.988,0.447
Barcelona,1,3.177,0.862
London,1,3.765,0.555
London,1,3.759,0.531
London,1,6.125,0.586
London,0,8.114,1.444
London,0,2.603,0.389
London,1,6.002,0.388
London,1,4.352,0.513
London,1,3.229,0.293
London,2,7.485,2.259
London,1,5.431,1.055
London,1,6.28,1.479
Amsterdam,2,4.733,1.471
London,1,4.017,0.408
London,1,7.185,2.065
London,1,3.738,0.427
London,1,6.788,1.978
London,3,9.796,5.627
London,2,9.368,5.57
Barcelona,2,1.784,0.427
London,1,3.279,0.894
London,1,10.609,2.172
Amsterdam,1,3.744,0.926
London,1,6.855,2.436
Amsterdam,1,1.089,1.192
London,2,14.869,4.272
London,0,7.426,3.107
London,1,4.876,1.565
London,1,6.128,0.516
London,3,5.617,1.482
Amsterdam,1,1.298,0.813
London,1,4.486,0.306
London,1,4.774,1.485
London,2,7.805,3.775
London,2,3.42,0.071
London,1,7.526,1.273
Barcelona,3,2.746,0.493
London,2,4.863,0.774
London,2,7.539,0.535
Amsterdam,1,3.109,2.031
London,1,5.533,0.147
London,0,4.232,0.111
Barcelona,1,1.618,0.594
London,1,5.097,0.702
London,1,9.308,4.113
London,2,8.338,3.948
London,1,3.716,0.183
London,1,4.783,0.89
London,1,7.607,1.806
London,1,7.118,0.282
London,1,4.608,0.456
London,1,3.972,0.182
London,2,6.361,1.225
London,0,4.389,0.28
London,1,7.237,0.289
London,2,7.067,1.419
London,1,3.789,0.214
London,2,6.733,2.022
London,1,5.526,0.214
London,1,4.003,1.331
Barcelona,1,3.719,0.946
London,1,4.867,0.594
London,1,4.579,0.344
London,1,5.987,0.987
Amsterdam,0,3.3,0.657
London,1,3.138,0.303
Amsterdam,1,0.811,0.286
Amsterdam,3,2.928,1.621
London,1,3.765,0.555
Amsterdam,1,4.774,0.282
London,1,6.524,0.103
London,1,4.714,0.195
London,1,4.226,1.532
Barcelona,2,2.307,0.345
Barcelona,1,1.072,0.328
London,1,6.588,1.118
London,1,1.612,0.48
London,1,2.498,0.325
Barcelona,1,1.663,0.445
London,1,8.477,0.862
London,0,4.548,0.44
Amsterdam,1,4.753,0.291
London,2,7.497,1.308
Amsterdam,2,7.072,2.94
Barcelona,1,1.473,0.179
London,0,0.67,0.239
London,1,6.262,1.188
London,3,8.781,1.003
London,1,4.783,0.586
London,1,3.487,0.417
London,2,7.295,1.121
London,1,3.333,0.616
London,1,4.783,0.586
Amsterdam,1,1.553,1.069
London,1,5.232,0.464
London,1,4.356,0.48
Amsterdam,1,2.158,0.194
Amsterdam,2,1.389,1.421
Amsterdam,1,2.068,0.226
London,1,6.719,3.735
London,1,3.422,0.026
Amsterdam,1,2.25,1.691
London,1,7.537,0.535
London,2,4.443,0.31
London,2,15.448,6.435
London,3,6.871,0.794
London,2,0.246,0.091
London,1,6.268,0.727
Amsterdam,1,2.746,1.179
London,0,4.953,0.313
London,0,4.983,0.252
London,3,7.483,3.013
London,1,14.42,4.73
Amsterdam,2,2.661,1.97
London,1,9.846,0.493
London,1,6.457,0.228
Amsterdam,2,5.501,3.281
London,1,11.05,5.822
London,0,3.212,0.502
Barcelona,2,0.468,0.249
Amsterdam,1,1.871,1.53
London,2,7.461,0.696
London,2,17.296,5.395
Amsterdam,1,2.748,1.653
Amsterdam,1,2.895,1.769
London,1,4.226,0.178
London,2,3.247,0.253
Amsterdam,1,4.456,0.413
Amsterdam,1,0.903,0.974
London,1,3.74,0.233
Amsterdam,1,3.057,0.455
London,2,5.851,0.549
London,1,5.114,0.808
Amsterdam,1,3.47,2.446
London,2,7.329,0.532
London,1,7.576,0.657
London,1,6.356,0.762
London,1,8.21,2.262
London,1,2.541,0.329
London,2,3.27,0.653
Amsterdam,0,3.387,0.439
London,0,8.172,0.713
London,1,6.159,2.372
London,0,4.924,1.402
London,0,9.073,2.15
Amsterdam,2,4.146,0.166
London,3,3.289,0.359
London,1,7.778,2.815
London,2,5.34,0.227
London,1,4.998,0.135
London,1,3.086,0.658
London,2,3.374,0.07
London,1,4.167,0.514
London,1,5.931,0.903
London,2,5.761,0.695
London,2,3.391,0.028
Barcelona,0,1.192,0.372
London,1,4.44,0.441
London,1,5.184,0.297
London,1,2.367,0.464
London,2,2.296,0.176
London,1,1.728,0.573
London,1,4.038,0.326
London,0,3.586,0.268
Barcelona,2,2.488,0.12
London,1,5.746,0.36
London,1,3.164,0.561
London,2,13.702,4.561
London,0,2.638,0.437
London,0,6.727,0.155
Amsterdam,1,1.41,0.925
London,2,2.574,0.15
London,1,5.528,0.393
London,1,4.861,0.355
Barcelona,3,2.046,0.426
Barcelona,2,2.566,0.701
London,2,3.925,0.415
London,1,8.095,3.592
London,2,3.164,0.643
London,2,5.94,0.378
Amsterdam,0,0.371,0.135
London,1,3.33,0.894
London,1,2.379,0.65
London,0,3.165,0.538
London,1,5.271,0.328
London,2,5.633,0.334
London,3,6.018,1.128
London,0,2.942,0.427
London,1,4.456,0.327
Barcelona,1,0.437,0.151
London,1,3.506,1.043
Amsterdam,1,2.491,1.332
London,1,0.395,0.163
Barcelona,0,0.878,0.099
London,1,9.333,0.211
London,2,4.489,0.451
Amsterdam,1,3.372,2.139
London,2,1.57,0.106
Barcelona,1,3.954,0.417
London,2,4.558,0.212
London,1,7.262,0.319
London,1,0.916,0.23
London,2,4.024,0.566
London,2,5.94,0.378
London,2,5.645,0.209
London,1,1.707,0.439
London,2,6.087,2.028
Amsterdam,3,5.309,2.983
London,1,7.49,2.383
Amsterdam,1,3.402,1.283
London,3,4.312,1.738
London,1,3.968,0.595
London,1,3.378,0.75
Amsterdam,2,2.309,0.48
London,1,1.507,0.378
London,1,11.05,5.822
Amsterdam,1,3.737,0.896
London,0,6.0,0.316
London,1,6.244,1.916
London,0,4.422,0.289
London,2,14.869,4.272
London,1,4.987,0.984
Amsterdam,1,2.226,0.274
London,2,4.176,0.123
London,1,5.743,0.17
London,2,5.95,0.148
London,0,5.398,0.145
London,0,7.483,1.806
Amsterdam,2,2.372,0.427
London,1,4.847,0.61
Barcelona,2,3.578,1.022
London,1,3.075,0.67
London,1,4.436,0.404
London,1,0.346,0.229
London,1,5.006,1.414
London,1,6.874,0.706
London,2,4.943,1.113
Barcelona,1,0.437,0.151
London,2,3.264,0.829
London,1,4.521,0.302
Amsterdam,1,2.905,1.684
Amsterdam,1,2.272,0.277
London,2,9.503,1.683
Amsterdam,2,2.055,0.779
Barcelona,3,3.564,1.34
Barcelona,2,2.909,0.713
London,1,7.084,1.589
London,1,3.345,0.662
London,0,4.702,0.432
London,1,6.494,0.322
London,1,4.209,0.585
London,1,4.443,0.211
London,0,4.091,0.712
Barcelona,2,1.679,0.478
London,1,4.716,2.09
London,1,3.737,0.146
Barcelona,2,3.476,0.26
London,1,2.18,0.257
London,1,2.868,0.094
London,0,0.669,0.25
London,2,2.36,0.187
Barcelona,2,2.308,0.595
London,0,4.548,0.44
London,1,5.428,0.112
London,1,4.845,1.637
London,2,7.65,0.86
London,1,4.738,0.285
London,1,7.455,0.673
Barcelona,2,2.113,0.807
London,0,0.794,0.382
London,1,1.272,0.227
Amsterdam,1,2.464,1.518
Barcelona,2,1.122,0.821
London,0,8.114,1.444
London,1,4.614,1.244
London,1,5.985,0.218
London,0,2.583,0.131
London,2,2.065,0.589
London,1,5.071,0.421
London,1,9.114,3.836
London,1,4.091,0.13
Amsterdam,0,2.835,1.36
London,2,1.981,0.425
London,0,2.151,0.398
London,2,2.537,0.321
London,2,4.025,1.001
Barcelona,1,1.229,0.381
Amsterdam,0,0.115,0.271
London,2,2.663,0.727
London,1,1.208,0.18
London,1,4.443,0.211
Amsterdam,2,2.144,1.803
London,0,2.811,0.568
Barcelona,2,3.255,1.554
London,1,3.385,0.503
London,2,4.237,0.214
London,1,3.314,0.145
Amsterdam,1,2.291,1.683
London,1,4.701,0.313
London,1,3.246,0.634
London,2,5.556,0.911
Amsterdam,0,3.51,0.872
London,0,7.715,2.566
London,0,2.816,0.338
London,1,3.244,0.329
Amsterdam,3,4.056,2.144
Barcelona,2,1.288,0.333
London,0,9.073,2.15
Amsterdam,1,1.379,1.396
London,0,8.176,0.239
London,2,5.94,0.378
London,1,4.819,0.164
London,1,3.817,0.596
London,1,6.599,0.655
London,2,2.562,0.27
London,2,6.011,0.343
London,3,4.068,0.239
London,1,4.269,0.42
London,1,1.621,0.448
London,1,1.921,0.372
London,1,4.489,0.3
Barcelona,2,1.161,0.417
London,1,4.876,1.565
London,2,3.391,0.707
London,1,1.267,0.387
London,1,5.687,0.397
London,1,2.63,0.135
London,0,4.497,0.371
London,0,9.046,1.608
London,2,3.435,0.067
London,1,1.537,0.126
London,1,3.922,0.549
London,1,5.486,0.399
London,2,2.174,0.306
Amsterdam,2,2.249,1.699
London,0,4.428,0.289
London,0,3.527,0.184
London,0,3.935,0.365
London,2,14.163,5.02
London,1,6.038,1.392
London,1,5.56,1.372
London,2,7.298,1.799
London,1,5.729,0.998
Amsterdam,3,2.44,1.875
Barcelona,2,1.518,0.143
London,0,5.61,0.071
London,2,1.352,0.515
London,2,4.174,0.513
London,1,5.511,2.097
London,1,4.104,0.786
Amsterdam,2,1.777,1.595
London,2,8.277,1.759
London,2,7.565,0.129
London,1,2.162,0.183
London,0,3.279,0.574
London,0,3.805,0.475
London,1,3.587,1.019
London,1,6.889,0.607
London,1,1.921,0.372
London,1,5.865,2.235
London,1,1.104,0.29
London,2,14.564,5.209
London,0,4.617,0.469
Amsterdam,1,1.21,0.987
Amsterdam,2,3.995,1.017
Barcelona,1,0.396,0.055
London,1,4.307,0.347
Amsterdam,1,2.032,1.877
London,1,1.464,0.407
London,1,7.008,0.963
London,2,7.48,0.395
London,1,1.207,0.298
Amsterdam,1,2.147,1.395
London,0,8.13,1.422
London,1,7.643,0.466
London,0,4.67,0.504
London,2,5.776,0.28
Barcelona,2,1.665,0.524
London,1,3.84,1.415
London,0,3.655,0.318
Barcelona,2,3.197,1.084
London,1,1.474,0.341
London,1,3.052,0.051
London,1,2.379,0.65
Amsterdam,1,2.483,0.235
London,2,6.759,0.956
London,0,4.208,0.583
London,1,11.135,5.994
London,0,3.168,0.251
London,3,4.813,0.475
Amsterdam,0,2.138,0.058
London,1,3.362,0.437
London,2,10.864,6.675
London,1,5.942,0.506
Amsterdam,2,3.53,2.097
London,2,7.485,2.259
London,1,5.8,0.434
Amsterdam,1,2.644,0.467
Amsterdam,1,3.135,1.955
London,2,3.164,0.643
London,1,9.164,1.081
Amsterdam,1,3.781,0.92
London,1,4.361,0.362
London,2,6.027,0.715
London,1,6.16,3.086
London,1,2.548,0.366
London,1,4.824,0.446
London,1,9.846,0.493
London,1,4.783,0.543
Amsterdam,1,2.013,1.804
London,1,8.488,3.514
London,2,3.67,0.94
London,0,4.502,0.434
Amsterdam,2,1.994,0.201
London,0,4.556,0.415
Barcelona,1,0.743,0.281
Amsterdam,1,1.305,1.23
Barcelona,3,2.206,0.337
London,2,4.994,0.691
Amsterdam,1,1.708,1.764
Barcelona,2,1.018,0.305
London,2,6.248,2.618
London,0,4.185,0.435
Barcelona,1,1.139,0.654
London,1,14.951,4.042
London,0,7.429,0.775
London,1,5.552,0.317
London,1,2.288,0.192
Amsterdam,1,1.305,1.23
London,2,3.505,0.653
London,2,3.27,0.653
London,3,7.315,1.853
London,2,1.956,0.479
London,1,4.895,0.106
London,2,1.978,0.306
Amsterdam,1,3.848,1.725
London,1,5.796,0.058
London,1,5.759,0.1
London,1,5.377,0.594
London,1,8.828,2.152
Amsterdam,3,4.745,0.79
London,2,7.091,0.194
London,1,7.523,0.797
London,2,6.552,1.286
London,0,5.508,0.415
Amsterdam,1,1.445,1.534
Amsterdam,2,4.934,1.014
London,1,5.761,0.124
London,2,5.94,0.378
London,1,4.716,2.09
London,2,4.428,1.015
London,0,3.974,0.157
London,0,3.655,0.318
London,1,9.323,0.217
London,1,5.639,0.363
London,1,7.507,0.684
London,0,4.561,0.42
Amsterdam,2,3.376,2.283
Amsterdam,1,1.947,1.896
London,1,3.218,0.224
London,2,4.341,0.331
Amsterdam,1,3.074,1.582
London,1,6.125,0.586
Amsterdam,1,2.643,1.786
London,3,16.477,4.206
London,1,5.876,0.768
Amsterdam,1,1.443,1.543
Amsterdam,1,1.0,1.151
Amsterdam,2,5.969,1.052
London,2,2.309,0.766
London,1,5.166,0.825
London,1,3.104,0.503
London,1,4.93,0.618
Amsterdam,1,2.075,1.953
London,1,3.244,1.268
Amsterdam,1,1.056,0.657
London,2,7.65,0.86
Amsterdam,1,4.029,0.977
London,0,3.495,0.317
Amsterdam,1,2.946,0.881
London,1,4.091,0.512
Barcelona,1,1.287,0.746
London,0,7.751,0.1
London,3,7.885,1.075
London,0,4.561,0.42
Barcelona,3,3.978,0.982
London,0,1.738,0.327
Barcelona,1,1.663,0.445
London,1,4.002,0.189
Barcelona,1,1.527,0.144
Amsterdam,1,1.729,0.496
London,3,9.873,1.778
Amsterdam,1,2.291,1.683
London,1,3.96,0.877
London,1,2.78,0.396
London,1,3.038,0.619
London,1,4.615,0.291
London,1,2.62,0.525
London,1,5.787,0.415
London,3,4.569,0.662
London,1,2.891,0.368
London,0,3.935,0.365
Amsterdam,2,4.312,0.473
London,1,3.803,0.856
London,1,3.767,0.321
Barcelona,1,0.821,0.308
London,1,3.184,0.588
London,1,3.239,0.624
London,1,3.916,1.267
Amsterdam,1,2.403,1.511
London,1,7.854,0.569
London,1,4.23,0.892
London,0,3.787,0.232
London,2,6.96,0.861
London,1,6.159,2.372
London,2,2.559,0.365
Barcelona,2,1.839,0.402
Barcelona,1,0.096,0.117
London,1,6.484,0.189
London,2,5.917,0.102
London,1,5.8,0.434
Barcelona,1,2.403,0.607
London,1,5.809,0.829
London,2,4.2,0.791
London,0,3.79,0.383
London,2,6.856,3.186
London,2,6.007,0.236
London,2,15.241,5.917
Barcelona,1,1.079,0.343
London,1,3.974,0.157
Amsterdam,2,2.943,1.482
London,1,5.264,2.04
London,1,1.498,0.178
London,2,3.488,0.223
London,0,3.792,0.389
London,0,4.497,0.371
London,2,4.245,0.279
Amsterdam,2,0.803,0.884
Amsterdam,1,3.625,0.428
Barcelona,2,2.3,0.394
London,2,2.672,0.475
London,1,1.322,0.139
London,1,3.245,0.258
Amsterdam,2,4.153,0.657
London,2,7.445,2.336
London,2,4.052,0.641
London,2,7.447,3.571
London,1,9.821,0.869
London,1,4.569,0.5
London,2,4.725,2.145
London,0,9.303,4.895
London,1,1.99,0.36
Amsterdam,2,2.495,1.374
London,1,3.743,0.832
London,2,3.879,1.755
London,1,3.118,0.207
London,0,3.16,0.218
London,2,5.387,0.466
London,0,4.491,0.354
London,3,1.45,0.237
Barcelona,2,3.467,0.083
London,0,5.907,0.411
Amsterdam,1,2.521,0.122
London,2,2.412,0.264
London,2,5.945,1.216
Barcelona,3,1.235,0.089
London,1,6.463,0.207
London,2,2.988,0.447
London,1,3.239,0.723
London,1,6.344,0.715
London,1,3.281,0.32
London,1,0.311,0.034
Amsterdam,1,1.808,1.902
London,1,4.295,0.381
London,1,5.656,0.207
London,2,4.697,0.129
London,0,3.969,0.253
London,1,8.06,1.44
London,1,10.05,6.01
Amsterdam,2,3.544,0.44
Amsterdam,2,2.79,0.573
London,1,2.593,0.441
Amsterdam,3,2.987,1.073
London,0,4.185,0.434
London,1,7.136,0.459
London,1,4.964,1.353
London,1,3.723,0.737
London,1,1.633,0.195
Amsterdam,1,0.895,0.384
London,1,4.727,0.514
London,2,0.759,0.326
London,1,6.103,0.251
London,1,4.71,1.086
London,1,3.164,0.561
London,1,0.918,0.389
London,1,7.237,0.289
London,1,3.151,0.576
London,1,10.03,2.547
London,1,2.336,0.21
London,2,3.201,0.061
Amsterdam,1,2.078,0.208
Amsterdam,1,4.084,0.859
London,1,3.402,0.1
London,0,3.787,0.232
London,1,0.861,0.383
London,0,4.691,0.63
London,1,2.601,0.165
London,1,0.995,0.437
London,1,4.556,0.34
London,2,3.473,0.223
London,2,4.129,0.126
London,1,5.537,0.139
London,1,3.415,0.063
London,1,13.929,4.8
London,2,6.298,1.361
London,1,5.468,0.602
London,0,4.483,0.267
Amsterdam,1,1.909,0.294
London,1,5.315,0.049
London,1,3.977,0.583
Barcelona,1,1.086,0.277
London,1,12.672,6.752
Amsterdam,1,1.949,1.847
London,2,4.129,0.126
London,1,6.457,0.228
London,0,5.642,0.397
Amsterdam,2,3.575,0.769
London,2,7.805,3.775
London,2,6.073,1.148
Amsterdam,2,2.325,1.499
London,1,2.415,0.117
Amsterdam,1,1.591,1.514
London,2,6.796,2.342
Amsterdam,1,2.587,1.268
London,0,7.695,2.627
London,0,4.011,0.315
London,1,5.081,1.474
London,2,7.975,4.621
London,1,4.127,0.274
London,1,4.69,0.136
Barcelona,3,2.431,0.472
London,1,6.575,1.008
London,0,6.936,0.047
London,0,8.193,1.423
London,0,3.626,0.304
London,1,3.3,0.29
London,1,5.573,0.734
London,2,7.997,1.855
Amsterdam,0,1.56,0.438
London,2,2.282,0.768
London,1,11.428,3.267
London,2,4.993,0.517
London,1,4.93,1.414
London,0,4.956,0.382
London,2,5.387,0.286
London,1,4.867,1.56
Barcelona,0,1.144,0.702
London,0,4.92,0.522
London,1,4.876,0.195
Amsterdam,1,1.126,1.121
Barcelona,2,1.831,0.363
London,0,4.711,0.33
London,1,6.598,1.406
London,1,2.749,0.527
London,1,10.561,5.318
London,1,1.728,0.573
London,1,3.571,0.079
Amsterdam,1,3.608,0.75
London,1,4.792,0.266
London,1,2.2,0.517
London,1,8.419,0.908
London,2,2.627,0.247
London,1,2.788,0.581
Barcelona,2,2.431,0.378
London,0,4.119,0.105
London,1,6.718,0.584
London,0,3.84,0.493
London,1,5.732,0.551
London,0,3.849,0.317
London,0,5.24,0.402
London,1,3.162,1.166
London,2,5.927,0.159
London,1,4.725,0.243
Barcelona,1,1.783,0.185
Barcelona,1,0.975,0.101
London,2,4.098,0.529
London,1,3.678,0.844
London,2,3.367,0.956
London,1,4.967,0.624
London,2,7.977,0.493
London,2,3.59,0.201
Amsterdam,1,1.305,1.342
London,1,3.545,0.162
Amsterdam,2,3.81,1.203
Amsterdam,1,2.125,0.564
Barcelona,2,2.51,0.543
Barcelona,2,1.911,0.393
London,1,5.796,0.058
London,1,4.371,0.325
London,1,2.463,0.137
London,1,1.808,0.444
London,0,4.256,0.841
Barcelona,3,1.985,0.297
London,2,6.628,2.047
London,1,11.001,5.768
London,1,8.314,0.078
London,0,4.053,0.65
Barcelona,2,3.432,0.192
Amsterdam,1,0.333,0.293
London,1,4.059,0.241
London,1,6.877,0.874
London,1,6.932,0.306
London,1,7.827,0.406
London,1,0.766,0.168
London,1,3.767,0.321
London,2,7.084,1.652
Barcelona,2,2.4,0.289
Barcelona,1,1.078,0.132
London,0,4.564,0.592
Amsterdam,1,4.753,0.291
Amsterdam,1,1.51,1.174
London,1,8.035,0.736
London,1,3.052,0.051
Amsterdam,2,3.526,1.148
London,1,7.462,1.881
London,0,8.193,1.423
London,2,4.751,1.396
London,2,7.821,0.948
London,1,4.623,0.368
London,0,4.837,1.221
London,1,3.218,0.224
London,1,5.468,0.602
Amsterdam,1,1.835,1.898
London,1,2.91,0.291
London,1,3.188,0.575
London,0,5.113,0.85
Amsterdam,2,1.769,1.585
London,1,6.076,1.523
London,2,3.199,0.729
London,1,6.202,0.29
London,1,4.156,0.59
London,0,4.531,0.333
London,1,3.525,0.706
London,1,7.751,1.34
London,1,6.268,0.727
London,0,3.994,0.303
London,1,7.732,0.448
Barcelona,1,0.909,0.089
London,3,5.603,0.498
Amsterdam,1,1.947,1.896
London,1,6.13,0.395
London,2,1.693,0.448
London,1,3.16,0.793
London,1,3.882,0.275
London,1,6.038,1.392
London,1,2.466,0.408
Amsterdam,0,0.843,0.889
Barcelona,3,1.122,0.179
Amsterdam,2,3.746,1.29
London,3,7.273,2.53
London,1,4.077,0.498
London,0,4.585,0.423
London,1,7.948,0.761
London,0,4.206,0.226
London,1,1.465,0.27
London,1,5.995,0.208
London,1,0.127,0.22
London,2,4.13,0.221
London,1,4.138,0.574
London,1,3.551,0.208
London,2,7.538,0.184
London,0,5.083,0.386
London,1,3.749,1.348
Amsterdam,1,2.17,1.901
London,2,3.416,0.212
London,1,3.492,0.153
London,1,1.222,0.303
London,2,3.582,0.509
London,1,8.174,1.336
Barcelona,1,0.916,0.288
London,0,6.936,0.047
Amsterdam,1,1.171,0.551
London,2,4.443,0.31
London,0,3.747,0.418
London,2,6.25,0.725
London,1,6.188,0.293
London,1,6.069,2.755
London,0,4.717,0.452
London,2,1.57,0.106
London,3,2.272,0.28
London,1,1.945,0.387
London,2,2.161,0.183
London,2,8.22,3.871
London,3,14.91,4.35
London,0,6.03,0.333
London,1,4.983,0.632
London,1,4.484,0.312
London,2,3.433,0.756
London,1,5.782,0.186
London,1,2.254,0.513
Amsterdam,1,2.315,1.595
London,1,8.726,3.636
London,1,6.071,2.923
London,0,4.256,0.841
London,3,9.373,0.375
Amsterdam,1,2.019,0.436
London,1,7.507,0.684
London,1,5.657,0.944
London,1,3.296,0.164
London,2,3.775,0.79
Barcelona,2,1.308,0.69
London,1,3.563,1.511
London,2,5.432,0.537
London,0,7.776,0.113
London,3,4.589,0.257
London,1,4.346,0.855
London,1,3.33,0.894
Barcelona,1,1.036,0.79
London,2,5.932,1.614
London,1,5.106,0.18
London,0,4.185,0.434
London,2,6.174,0.701
London,1,4.828,0.602
London,1,4.819,0.164
London,1,5.696,0.468
London,1,3.809,0.803
London,2,8.338,3.948
London,1,14.058,5.055
London,2,6.375,0.531
London,2,4.78,0.813
London,1,4.647,0.297
London,0,4.185,0.434
London,2,3.886,0.09
London,0,3.679,0.362
London,1,3.71,0.16
London,0,9.431,4.452
London,1,9.277,0.309
London,1,5.904,2.599
London,1,7.199,1.98
London,0,2.706,0.339
Amsterdam,1,0.559,0.587
London,1,1.929,0.26
London,0,5.669,0.399
London,0,3.089,0.213
London,1,5.911,0.106
London,1,4.128,0.095
London,2,3.886,0.09
Barcelona,2,1.359,0.615
London,2,15.565,5.458
London,0,4.185,0.434
Amsterdam,1,1.705,1.772
London,2,5.344,1.265
London,1,3.296,0.164
London,2,3.813,0.481
London,1,4.881,0.484
London,1,5.766,0.184
Amsterdam,1,0.227,0.46
London,1,3.25,0.638
London,1,3.844,1.416
Amsterdam,1,4.263,0.807
Barcelona,2,1.793,0.73
London,1,1.913,0.376
Barcelona,2,1.676,0.311
London,0,4.791,0.581
London,2,7.182,0.75
London,2,4.598,0.257
London,1,4.508,0.299
London,1,6.356,0.762
London,0,5.889,0.218
Amsterdam,1,3.46,1.385
London,1,3.103,0.092
London,1,5.315,0.049
London,0,3.935,0.365
London,2,8.288,3.408
London,1,11.428,3.267
Amsterdam,1,2.733,0.812
London,2,6.216,1.693
London,3,4.771,1.648
London,0,2.942,0.427
London,0,3.001,0.088
London,0,6.607,0.544
London,2,4.44,0.238
Barcelona,2,0.541,0.216
Amsterdam,1,1.883,0.707
Barcelona,1,1.025,0.619
London,1,3.766,0.418
London,1,3.16,0.793
London,1,3.743,0.337
London,2,9.489,1.617
Barcelona,2,2.394,0.41
London,1,0.34,0.241
Barcelona,3,1.695,0.364
London,1,9.076,0.386
London,2,5.761,0.695
Amsterdam,1,1.9,1.636
London,1,3.313,0.092
London,1,1.474,0.341
London,1,3.122,0.496
London,1,4.58,0.289
London,2,7.804,2.678
London,0,5.129,0.801
Amsterdam,1,2.285,1.828
London,1,6.967,2.524
London,1,1.629,0.496
Amsterdam,1,1.838,1.748
London,1,1.208,0.423
Amsterdam,1,2.581,0.824
London,0,2.974,0.354
London,1,7.431,1.877
Barcelona,1,1.659,0.426
London,1,6.41,1.658
Amsterdam,1,1.444,1.555
London,2,3.532,0.293
London,1,6.743,0.59
Amsterdam,3,7.76,3.625
Barcelona,1,1.497,0.535
Amsterdam,2,1.769,1.585
London,2,7.559,0.461
London,2,5.476,0.511
Amsterdam,0,1.724,1.823
London,1,2.776,0.434
London,3,8.245,4.269
London,2,6.399,0.586
London,1,2.708,0.494
London,0,9.431,4.452
London,1,5.4,1.254
London,1,3.981,0.576
London,1,5.982,1.061
London,2,5.741,1.194
London,1,1.871,0.211
London,2,7.497,1.308
London,0,3.935,0.365
London,2,7.295,1.121
London,2,7.152,0.602
London,1,4.594,0.322
London,0,5.893,0.232
Barcelona,1,3.103,0.218
Barcelona,3,0.849,0.184
London,1,4.017,0.408
London,2,7.905,1.022
London,1,3.385,0.503
Amsterdam,1,1.245,0.497
London,2,2.651,0.352
Barcelona,1,1.181,0.377
London,1,4.658,0.191
Barcelona,2,2.16,0.281
London,1,4.918,0.426
London,2,6.038,0.16
Barcelona,2,3.072,0.387
London,1,3.664,0.352
London,2,4.372,1.975
Barcelona,1,4.783,0.629
Barcelona,1,2.44,0.338
London,2,5.685,1.592
London,1,9.437,4.381
London,2,1.241,0.346
London,1,1.502,0.183
London,1,4.93,1.414
London,2,4.934,0.441
London,1,7.069,0.533
London,2,3.963,0.56
London,1,5.022,0.152
London,2,2.504,0.702
Amsterdam,1,0.899,0.844
Barcelona,0,1.708,0.409
Amsterdam,1,2.256,1.695
London,1,4.509,1.192
Amsterdam,1,1.476,1.44
Barcelona,2,4.251,0.717
Barcelona,2,1.757,0.537
London,1,2.264,0.499
London,1,14.176,4.929
London,1,8.748,1.307
Amsterdam,1,3.593,2.157
London,0,2.047,0.396
London,1,3.587,1.019
London,1,3.743,0.337
London,2,4.405,0.292
Amsterdam,1,3.327,1.331
London,1,4.453,0.739
London,1,1.838,0.311
London,2,3.656,0.242
London,1,8.53,0.526
Amsterdam,1,1.585,1.61
London,2,6.639,0.948
London,1,7.688,0.528
London,2,3.593,0.075
London,1,8.191,0.471
London,0,2.147,0.099
London,0,3.527,0.184
London,1,4.915,0.565
Amsterdam,1,1.407,1.381
Barcelona,0,0.916,0.156
London,2,7.447,2.32
Amsterdam,0,0.319,0.499
London,3,6.883,1.433
Amsterdam,2,3.298,1.162
London,0,4.553,0.431
London,1,2.609,0.192
London,1,5.73,0.159
Barcelona,2,0.665,0.336
London,0,5.613,0.334
Amsterdam,1,2.946,0.881
London,1,3.602,0.317
London,1,5.442,0.281
London,1,6.658,0.317
London,3,3.289,0.359
Barcelona,2,3.03,0.202
London,2,13.638,4.496
Amsterdam,2,6.805,0.418
London,2,4.969,0.385
London,2,2.492,0.647
London,1,11.373,2.427
Amsterdam,2,2.325,1.499
London,2,2.663,0.727
London,1,7.533,0.64
London,1,2.169,0.144
London,0,5.733,0.116
London,0,3.001,0.088
London,2,6.407,1.737
London,1,2.569,0.124
Barcelona,1,1.287,0.746
Amsterdam,1,3.719,0.882
London,2,3.308,0.169
London,0,3.807,0.507
Amsterdam,1,2.296,0.375
Amsterdam,1,3.462,1.332
Barcelona,3,1.377,0.475
London,2,4.35,0.307
London,1,3.895,0.396
London,0,3.823,0.37
Amsterdam,1,3.627,1.699
Amsterdam,1,3.141,2.27
London,1,6.805,0.695
London,1,3.73,0.467
London,2,1.976,0.48
London,2,4.292,0.053
London,2,3.564,0.132
London,1,13.328,4.193
London,3,8.28,1.864
London,1,7.715,2.012
London,1,3.166,0.262
London,1,3.97,0.654
London,1,0.675,0.326
Amsterdam,2,3.434,0.29
Barcelona,2,1.783,0.427
Barcelona,2,1.839,0.402
London,1,4.461,0.91
London,1,6.781,2.01
Amsterdam,1,0.829,0.904
London,1,3.285,0.151
London,1,7.576,0.657
London,0,4.158,0.278
London,0,7.857,0.202
London,1,7.287,2.124
London,1,0.783,0.306
London,1,7.419,1.068
London,2,3.449,1.008
London,2,7.084,1.652
London,2,5.878,0.477
London,1,1.942,0.23
London,1,7.751,1.34
London,1,2.026,0.399
London,3,5.93,1.008
London,1,15.814,5.683
Barcelona,1,3.103,0.218
Barcelona,1,1.296,0.165
Amsterdam,2,2.943,1.482
London,1,4.412,0.295
London,1,0.916,0.23
Barcelona,3,3.001,0.397
London,1,3.245,1.268
Amsterdam,2,3.695,0.398
London,1,6.847,1.502
London,2,4.236,0.349
London,1,3.229,0.794
London,0,3.837,0.391
Barcelona,1,1.281,0.73
Amsterdam,1,2.583,0.613
London,1,5.917,2.036
London,1,5.047,0.309
London,1,4.847,0.528
London,1,4.929,1.254
London,0,3.306,0.453
London,1,1.371,0.31
London,2,7.313,2.12
London,1,4.029,0.948
London,1,4.854,0.241
London,1,4.992,0.235
Barcelona,1,1.618,0.594
London,1,3.057,0.582
London,0,5.675,0.209
London,2,8.896,1.22
Amsterdam,1,3.797,1.184
London,2,4.536,0.321
Amsterdam,2,2.502,1.968
London,3,7.531,3.047
London,2,3.062,0.091
London,1,4.954,1.269
Barcelona,1,0.789,0.258
London,1,8.333,3.117
London,0,4.185,0.434
London,2,2.368,0.248
London,2,3.393,0.751
London,2,4.443,0.353
London,1,3.979,0.581
London,1,4.625,1.234
London,3,6.493,0.202
London,0,3.091,0.389
Amsterdam,1,1.21,0.987
London,2,2.651,0.352
London,2,6.673,0.607
London,1,3.109,0.317
London,2,4.21,0.616
Amsterdam,3,1.412,0.983
London,2,3.411,0.685
Amsterdam,1,3.327,1.331
London,2,4.178,0.899
Barcelona,3,1.985,0.297
Amsterdam,1,2.164,0.669
London,3,7.407,1.489
London,2,3.539,0.514
Amsterdam,1,1.245,0.497
London,0,3.361,0.108
London,1,0.918,0.389
Barcelona,3,2.974,0.366
London,1,3.104,0.503
Amsterdam,1,3.208,0.762
London,1,4.762,0.287
London,1,5.761,0.124
London,2,1.241,0.257
London,1,1.321,0.273
London,1,2.398,0.635
London,2,6.102,0.356
Amsterdam,1,10.189,0.228
London,2,2.526,0.093
London,1,4.327,1.048
London,1,1.251,0.242
London,2,5.96,0.246
London,2,7.551,0.142
Amsterdam,1,1.063,1.196
London,1,5.955,1.872
London,1,3.1,0.205
Barcelona,2,3.096,0.755
London,1,1.434,0.503
Barcelona,1,0.996,0.303
London,1,1.724,0.173
London,2,1.241,0.346
London,0,5.875,0.313
Barcelona,2,1.599,0.631
London,2,4.052,0.928
London,1,1.636,0.353
Amsterdam,1,2.121,1.946
London,1,5.817,0.118
London,2,7.804,2.678
London,2,5.718,0.392
Amsterdam,1,1.444,1.358
London,1,6.161,0.036
London,1,1.57,0.241
Amsterdam,1,3.343,0.647
London,3,4.488,1.969
Amsterdam,1,2.428,1.747
Barcelona,1,1.149,0.309
Amsterdam,3,8.164,0.676
London,2,4.237,0.214
Amsterdam,0,3.386,0.439
London,1,3.138,0.303
London,1,7.867,0.951
London,0,7.759,0.262
Amsterdam,2,6.843,2.249
Amsterdam,3,3.925,1.969
London,2,4.995,0.268
London,1,6.273,2.128
London,1,6.102,1.022
London,1,3.072,0.539
London,2,3.545,0.676
London,1,6.532,2.314
London,0,8.163,1.425
Amsterdam,0,1.517,0.421
Amsterdam,1,3.323,2.063
London,1,4.03,0.787
Amsterdam,1,2.728,0.984
London,1,3.246,0.26
Barcelona,1,1.174,0.599
London,1,2.868,0.094
London,1,5.486,0.399
London,1,3.279,0.894
London,1,4.247,0.135
Barcelona,1,3.122,0.151
London,1,3.335,0.096
London,1,3.078,0.185
London,1,3.988,1.079
London,1,7.833,1.209
Amsterdam,1,3.61,1.007
London,0,6.67,0.247
London,0,7.599,0.68
London,1,6.207,3.23
London,2,5.26,0.492
London,0,6.03,0.333
London,1,7.545,0.64
London,1,7.49,2.383
London,1,3.362,0.437
Amsterdam,1,0.61,0.23
London,0,0.648,0.292
London,1,4.967,0.434
London,2,6.087,2.028
London,1,4.969,0.443
London,1,3.555,0.748
London,1,4.697,0.25
London,0,4.011,0.315
London,1,7.867,0.951
London,2,9.969,0.576
Amsterdam,1,6.979,0.069
Barcelona,2,3.834,0.296
London,2,4.729,0.483
London,2,3.998,0.607
London,1,5.228,1.335
London,1,11.001,5.768
London,1,4.044,0.466
London,1,3.95,0.394
Amsterdam,1,1.898,1.908
Amsterdam,1,1.089,1.192
London,0,5.983,0.304
London,2,1.215,0.271
London,1,6.627,1.414
London,1,5.423,0.914
Amsterdam,1,4.047,1.211
London,1,2.498,0.325
London,1,3.515,0.232
London,1,7.456,0.593
Amsterdam,1,3.637,0.44
London,1,3.36,0.977
London,1,3.325,0.604
London,2,6.074,1.229
London,2,7.732,2.554
London,1,2.155,0.654
London,1,4.579,0.344
London,1,4.983,0.632
London,1,6.298,0.246
London,0,4.185,0.434
London,1,3.245,0.258
London,1,11.316,2.429
London,2,3.634,0.234
London,1,7.376,0.994
London,2,3.158,0.268
London,0,5.398,0.145
London,1,3.968,0.595
London,1,7.332,2.5
Amsterdam,2,3.761,2.305
London,1,1.954,0.353
London,1,1.737,0.378
London,1,5.925,0.261
London,1,3.36,0.977
London,1,3.96,0.877
London,2,3.211,0.214
Amsterdam,2,7.495,3.317
London,1,11.373,2.427
Barcelona,0,1.144,0.702
London,1,4.415,1.147
London,1,4.327,1.048
London,1,3.843,0.471
Amsterdam,2,2.863,1.726
London,0,9.225,4.344
London,1,4.556,0.34
London,1,3.712,0.177
London,0,4.804,0.188
Amsterdam,1,1.476,1.44
London,2,7.313,3.574
London,1,3.977,0.274
London,0,5.913,0.33
Barcelona,2,2.949,0.235
London,1,4.756,0.678
London,1,3.651,0.256
Barcelona,1,0.876,0.283
London,1,7.865,2.538
London,0,4.997,1.392
London,1,3.71,0.16
Barcelona,3,2.05,0.462
London,2,4.471,0.172
London,2,4.019,0.746
London,2,4.589,2.072
London,1,2.488,0.338
Barcelona,2,2.568,0.603
London,0,3.902,0.194
London,0,4.994,0.251
London,2,4.336,0.319
London,1,1.724,0.173
Barcelona,2,1.544,0.34
London,0,8.311,3.389
London,1,6.877,0.874
London,2,4.289,0.119
Barcelona,2,1.068,0.784
London,2,4.402,0.423
London,1,9.081,3.511
London,2,3.596,0.903
London,1,4.416,0.388
London,1,7.395,0.569
Amsterdam,1,2.306,1.514
London,3,6.19,1.876
Barcelona,0,0.593,0.23
London,1,4.039,0.258
London,0,3.935,0.365
London,1,14.008,4.868
Barcelona,2,2.472,0.525
Amsterdam,1,1.591,1.517
London,1,6.103,0.251
London,2,3.207,0.12
London,1,5.865,0.446
London,2,7.403,1.795
London,1,4.561,0.401
London,2,5.982,0.203
London,1,4.044,0.466
London,1,7.233,0.567
London,1,5.022,0.152
London,1,5.212,0.881
London,1,3.924,0.739
Amsterdam,0,4.157,0.101
London,1,5.656,0.207
London,2,5.135,0.35
London,2,3.579,0.558
London,1,4.155,0.103
London,0,4.356,0.363
London,1,4.652,0.473
London,1,4.074,1.177
London,2,6.875,1.786
Barcelona,1,1.757,0.368
Amsterdam,1,2.319,0.129
London,3,4.771,1.648
London,2,10.226,2.677
Barcelona,2,1.988,0.299
London,1,5.911,0.106
London,1,4.756,0.678
London,3,7.333,0.353
London,1,3.086,0.658
Amsterdam,1,3.091,0.521
London,1,3.098,0.085
Amsterdam,1,2.583,0.613
Amsterdam,1,3.064,1.35
Barcelona,1,1.138,0.258
London,1,5.486,0.399
London,2,1.532,0.417
London,1,6.147,0.318
London,1,7.979,0.933
London,1,5.876,0.768
Amsterdam,1,2.595,1.159
London,2,8.089,0.909
Amsterdam,3,8.164,0.676
London,1,5.336,0.229
London,1,0.74,0.343
Amsterdam,1,2.819,1.518
London,1,10.721,2.728
London,2,4.788,0.106
London,1,2.907,0.429
London,1,8.287,0.273
London,1,7.545,0.64
Barcelona,1,1.275,0.142
Amsterdam,1,1.263,0.724
London,0,3.229,0.488
Amsterdam,1,2.908,0.537
London,1,0.783,0.306
London,1,7.523,0.797
London,0,2.491,0.429
London,1,2.958,0.134
London,0,3.935,0.365
London,1,3.602,0.479
London,1,6.376,3.311
Amsterdam,1,2.256,1.695
Amsterdam,1,0.531,0.147
Barcelona,2,0.59,0.237
London,2,3.545,0.676
London,0,3.935,0.365
Amsterdam,1,1.887,1.955
London,2,4.934,0.656
London,1,3.211,0.74
London,1,7.118,0.282
London,0,3.213,0.514
London,2,6.074,1.229
London,1,4.123,1.031
Amsterdam,1,1.227,0.487
Amsterdam,3,7.536,0.889
London,0,3.528,0.343
Amsterdam,1,0.915,1.014
London,2,3.062,0.091
London,1,3.551,0.208
London,1,1.493,0.359
London,1,5.518,2.177
Amsterdam,2,2.465,0.121
London,2,3.267,0.866
London,1,0.735,0.308
London,2,7.539,0.535
London,2,5.972,1.851
London,1,3.223,0.675
London,1,12.116,6.0
London,2,14.91,4.211
London,0,5.669,0.399
London,1,1.324,0.198
London,2,3.771,0.357
London,1,3.838,0.167
London,1,1.363,0.161
Amsterdam,1,1.352,1.376
London,0,7.776,0.113
London,2,4.118,0.152
Amsterdam,2,3.062,0.457
London,1,2.467,0.656
London,1,4.067,0.848
London,1,0.356,0.236
Amsterdam,2,3.753,0.78
London,1,1.891,0.289
London,2,2.282,0.267
London,1,5.08,1.264
London,1,4.641,0.421
London,1,6.029,2.75
London,1,7.147,0.232
London,2,7.48,0.395
London,0,5.011,1.365
London,1,4.697,0.25
Amsterdam,1,3.03,0.911
London,2,2.174,0.306
London,1,4.833,0.367
Barcelona,2,0.911,0.148
London,1,5.402,0.839
London,0,3.84,0.493
Barcelona,3,1.644,0.393
London,1,7.658,0.482
London,2,2.672,0.475
London,1,3.25,0.853
London,1,3.065,0.456
London,0,4.607,0.498
London,1,3.247,0.625
London,0,4.098,0.576
London,1,5.904,2.599
London,1,0.308,0.151
London,2,2.763,0.663
London,1,4.971,1.416
London,0,5.278,0.371
London,1,1.55,0.328
London,1,4.904,1.256
Barcelona,2,1.795,0.407
London,1,8.19,1.252
London,1,3.779,1.362
Amsterdam,1,3.41,1.274
London,0,3.815,0.448
London,0,3.823,0.37
London,1,5.4,1.254
London,1,8.126,1.062
London,2,7.774,0.657
London,1,2.761,0.651
Barcelona,3,1.104,0.587
Amsterdam,1,2.006,0.203
London,2,5.273,0.318
London,1,6.848,1.851
London,1,2.769,0.245
Amsterdam,1,5.244,0.474
London,1,11.017,5.801
London,1,7.597,1.541
London,1,9.406,5.09
Amsterdam,0,1.078,0.939
Barcelona,1,2.517,0.577
London,1,7.512,0.724
Amsterdam,1,1.541,0.3
London,1,3.924,0.739
London,2,6.38,0.511
London,0,3.935,0.365
London,2,7.051,0.904
Amsterdam,1,3.408,1.178
London,1,4.348,0.323
London,1,3.448,0.977
Amsterdam,1,2.078,0.208
London,1,5.817,0.118
London,1,5.212,0.881
London,0,7.246,0.562
London,0,3.815,0.448
London,1,2.264,0.586
London,0,3.404,0.291
London,2,5.716,0.604
London,2,4.03,0.602
London,1,7.681,0.58
Amsterdam,1,7.952,3.973
London,0,4.622,0.451
Barcelona,2,0.737,0.456
London,1,4.551,0.442
London,1,4.193,0.278
Amsterdam,2,1.994,0.201
Amsterdam,2,0.803,0.884
Barcelona,1,1.808,0.213
London,1,6.096,0.544
London,1,3.164,0.535
London,0,4.809,0.372
London,1,4.061,0.881
London,1,3.165,0.563
Barcelona,1,0.876,0.283
Barcelona,1,1.174,0.599
London,1,5.534,0.214
London,2,2.781,0.402
London,1,1.926,0.153
London,0,2.816,0.421
London,0,2.219,0.245
Amsterdam,2,4.094,0.279
London,1,5.178,0.539
London,1,3.455,0.2
London,3,6.787,1.574
London,0,3.906,0.492
Barcelona,2,1.115,0.18
London,1,2.454,0.278
Barcelona,2,0.334,0.32
London,1,4.307,0.148
London,1,4.25,0.273
Barcelona,1,3.372,0.097
London,1,10.31,5.39
London,1,3.496,0.181
London,1,6.298,0.069
London,1,6.045,0.627
London,3,6.789,3.688
London,1,7.773,2.399
London,1,0.73,0.365
London,1,8.21,2.262
London,1,3.293,0.155
London,2,9.969,0.576
London,1,2.788,0.396
London,2,8.913,0.697
London,1,2.628,0.614
London,1,6.463,0.207
London,1,8.126,1.062
London,1,5.813,2.146
London,1,5.507,0.659
London,1,5.213,0.261
London,1,3.924,0.299
London,1,4.039,0.258
London,0,3.972,0.334
London,2,3.683,1.239
London,1,2.165,0.38
London,2,4.381,0.13
London,1,4.389,0.39
London,1,8.187,1.269
Amsterdam,1,2.533,0.344
Amsterdam,1,3.593,2.157
London,1,4.259,0.889
London,1,3.569,0.531
Barcelona,2,0.767,0.467
Amsterdam,1,1.0,0.496
Barcelona,1,1.803,0.441
London,1,7.597,1.541
London,2,3.655,0.242
London,1,2.356,0.295
London,0,3.874,0.225
London,1,5.428,0.112
London,1,0.882,0.359
Amsterdam,1,9.336,0.38
London,2,4.818,0.603
London,2,3.456,0.552
London,1,4.489,0.3
London,1,3.737,0.146
London,1,5.039,0.606
London,2,9.503,1.683
Barcelona,0,3.419,0.359
Barcelona,1,1.144,0.094
London,1,7.478,2.867
Amsterdam,1,3.739,0.861
London,1,4.989,0.713
London,1,4.519,0.161
London,2,6.27,1.342
Barcelona,1,2.968,0.243
Amsterdam,1,2.943,0.892
London,2,3.838,0.167
Amsterdam,1,2.988,1.089
London,0,4.88,1.093
London,2,5.039,0.501
London,1,3.819,0.463
London,1,5.584,0.171
London,1,6.25,1.123
London,1,3.186,0.531
Amsterdam,1,2.521,1.296
London,1,1.633,0.253
London,1,4.796,0.751
London,0,4.959,0.182
London,0,3.968,0.408
London,1,3.176,0.233
Barcelona,2,3.578,1.022
London,1,0.398,0.113
London,1,2.819,0.62
London,1,9.303,0.245
Amsterdam,1,1.94,1.717
London,2,7.565,0.128
Barcelona,2,1.694,0.389
London,2,4.435,0.779
London,2,3.218,0.703
Barcelona,2,1.985,0.297
London,0,3.874,0.225
London,2,4.934,0.656
London,2,4.572,0.513
London,1,3.931,0.612
London,0,3.576,0.23
London,1,8.903,0.928
London,0,1.401,0.434
London,2,5.452,0.335
London,2,5.983,2.929
London,2,3.335,0.12
London,1,3.095,0.179
London,1,0.369,0.173
London,2,8.551,1.168
London,1,1.104,0.29
London,1,4.752,0.328
London,1,6.67,1.538
London,1,6.147,0.318
Barcelona,1,0.876,0.334
London,0,1.098,0.276
London,1,4.318,0.174
London,1,2.548,0.366
Amsterdam,1,3.911,0.933
London,2,4.21,0.616
Amsterdam,1,2.05,1.789
London,0,3.57,0.252
London,1,6.005,2.24
Amsterdam,2,5.629,1.618
London,2,2.574,0.15
London,0,4.953,0.313
London,0,4.82,0.217
Barcelona,2,1.359,0.615
London,1,6.627,1.414
London,1,3.714,0.818
London,0,3.222,0.248
Barcelona,2,0.427,0.143
London,1,4.138,0.574
Amsterdam,1,3.513,0.889
Amsterdam,0,0.593,0.504
London,1,4.639,0.496
London,1,2.365,0.383
London,1,5.486,0.399
London,1,6.715,2.711
Amsterdam,1,1.953,0.541
London,2,5.718,0.392
London,2,3.807,0.8
London,0,0.648,0.292
London,0,2.816,0.338
London,1,6.964,0.826
London,2,2.282,0.267
Barcelona,3,2.837,0.417
London,2,4.863,0.483
London,1,5.583,1.057
London,1,9.323,0.217
London,3,8.28,1.864
London,1,8.252,0.488
Barcelona,2,1.726,0.333
Barcelona,1,1.027,0.362
Barcelona,0,1.128,0.31
London,1,1.272,0.227
Amsterdam,1,1.494,1.635
London,1,3.043,0.54
London,0,3.538,0.199
Barcelona,2,3.179,0.252
London,1,6.169,0.702
Barcelona,1,1.783,0.185
London,2,5.533,1.756
London,2,10.331,5.334
Amsterdam,2,2.271,1.673
Barcelona,2,1.619,0.283
Barcelona,1,2.512,0.546
London,1,4.672,0.379
London,1,7.268,1.817
London,1,4.18,1.417
Amsterdam,1,2.464,1.518
London,1,8.597,1.087
London,1,0.373,0.149
London,0,4.717,0.452
London,0,3.943,0.142
London,2,7.329,0.532
London,2,4.301,0.21
London,1,11.036,4.647
London,0,7.857,0.202
London,0,1.837,0.146
Amsterdam,0,3.33,0.805
London,2,4.957,0.857
London,1,4.967,0.434
London,1,7.395,0.569
London,2,2.723,0.3
Amsterdam,1,3.266,1.519
London,1,6.342,0.046
London,1,2.628,0.614
London,1,3.492,0.153
Barcelona,1,1.28,0.437
London,1,5.047,0.309
Amsterdam,2,4.894,0.831
Barcelona,0,0.381,0.339
Amsterdam,2,2.499,1.315
London,1,2.263,0.1
London,1,1.498,0.178
Amsterdam,1,2.034,1.313
Amsterdam,2,3.526,1.148
London,1,6.112,0.785
London,1,3.716,0.183
London,1,4.03,1.072
Amsterdam,1,1.75,1.636
London,1,2.285,0.506
London,1,3.128,0.115
London,1,1.898,0.46
London,1,10.323,2.211
Amsterdam,1,2.933,0.628
London,1,9.333,0.211
London,0,2.095,0.14
London,1,1.541,0.201
London,1,3.227,0.456
London,1,6.892,0.286
Amsterdam,3,2.097,1.558
London,2,4.768,0.338
London,1,5.308,0.152
London,0,8.017,0.384
London,0,2.898,0.282
London,1,5.966,0.655
London,3,3.583,0.25
Barcelona,1,1.476,0.093
London,0,3.935,0.365
London,1,4.229,1.304
London,1,5.116,1.799
London,0,4.17,0.505
Amsterdam,1,0.908,0.403
London,1,3.749,0.214
London,1,6.442,0.077
London,1,3.188,0.502
London,1,1.138,0.254
Amsterdam,1,3.673,0.695
London,1,4.03,1.072
London,0,4.004,0.454
London,0,4.428,0.289
London,2,13.619,4.514
Amsterdam,1,3.568,2.369
London,1,3.103,0.092
London,1,5.578,0.343
London,1,3.838,0.167
London,1,7.069,0.533
London,1,2.905,0.122
Amsterdam,1,3.46,1.385
Amsterdam,1,4.027,0.872
London,2,2.282,0.768
London,0,4.208,0.583
Barcelona,1,1.112,0.631
London,2,4.176,0.123
London,2,6.158,0.329
London,1,4.762,0.287
London,1,0.832,0.414
London,2,8.157,1.596
London,1,4.733,0.515
London,1,2.356,0.301
Barcelona,2,2.635,0.246
London,1,1.199,0.417
London,0,4.185,0.434
London,0,3.14,0.326
London,1,6.524,0.103
London,1,3.57,0.94
London,2,4.666,0.514
London,1,5.637,0.295
London,1,3.381,0.674
Amsterdam,3,4.076,0.834
Barcelona,1,3.9,0.929
London,1,3.571,0.079
Barcelona,2,1.342,0.306
Amsterdam,2,2.985,0.985
London,2,5.983,2.929
London,1,3.749,0.214
London,2,2.402,0.612
London,1,2.7,0.391
Amsterdam,1,1.669,1.495
London,1,6.874,0.749
London,2,2.521,0.316
London,1,3.226,0.453
London,1,2.73,0.507
London,1,4.954,1.61
London,1,5.454,1.061
Barcelona,1,3.177,0.862
London,0,4.824,0.517
London,1,5.142,0.218
London,1,0.233,0.257
London,0,4.185,0.434
London,1,2.308,0.448
London,1,2.958,0.134
London,1,5.089,0.523
London,1,5.578,0.343
London,1,1.189,0.238
London,0,3.978,0.378
London,2,5.043,0.262
London,1,4.681,0.562
London,1,6.066,0.451
London,1,1.085,0.178
London,0,2.675,0.162
Barcelona,2,3.432,0.192
London,1,4.191,0.591
London,1,6.021,1.66
London,2,5.056,0.59
London,1,7.914,2.442
London,1,4.718,0.344
London,1,5.033,0.356
Amsterdam,2,3.062,0.457
London,1,4.904,0.585
London,1,5.788,0.373
Amsterdam,2,3.845,0.697
London,1,3.162,1.166
Amsterdam,1,2.19,0.318
London,2,3.051,0.915
London,1,1.437,0.246
Barcelona,3,1.208,0.531
Barcelona,1,3.108,0.634
London,1,4.886,0.704
London,1,4.045,0.953
Barcelona,2,2.317,0.888
London,2,1.241,0.257
London,1,4.345,0.643
London,1,3.786,0.18
London,3,10.982,4.318
Amsterdam,1,3.66,0.57
London,1,4.46,0.276
London,2,3.763,0.804
London,2,5.962,0.517
London,1,2.63,0.135
London,0,4.817,0.24
Barcelona,1,1.63,0.107
London,1,1.632,0.431
London,0,5.113,0.85
London,1,3.182,0.236
London,1,5.198,0.821
London,2,8.853,0.975
Barcelona,2,1.62,0.283
London,0,8.017,0.384
Amsterdam,2,2.249,1.699
London,1,2.507,0.252
London,1,1.636,0.353
London,2,14.534,5.044
London,1,5.547,0.13
London,1,8.785,0.214
London,1,4.204,0.373
London,1,4.931,0.428
London,1,5.759,0.1
London,1,5.801,0.152
London,2,3.67,0.94
London,1,0.675,0.326
London,1,6.14,0.314
London,2,3.583,0.662
London,1,2.018,0.252
London,1,5.381,0.22
London,2,3.811,0.336
Barcelona,1,1.142,0.264
Amsterdam,1,2.573,1.472
Amsterdam,1,4.296,0.771
London,2,4.681,1.345
London,1,4.221,0.884
London,0,3.418,0.218
London,1,6.05,0.327
London,0,5.518,0.45
London,2,5.811,0.467
London,1,1.335,0.505
London,1,3.091,0.596
Barcelona,2,2.765,1.11
London,1,7.194,2.132
Barcelona,1,0.773,0.494
London,1,4.011,0.675
Amsterdam,3,0.916,0.409
London,1,3.924,0.299
London,1,4.164,1.037
London,2,5.213,0.137
London,2,3.838,0.167
London,1,4.646,0.178
London,1,2.313,0.47
London,1,4.307,0.347
London,0,3.44,0.144
London,1,4.783,0.89
London,1,3.274,0.457
London,0,3.498,1.063
London,0,7.507,0.689
London,1,4.561,0.401
London,2,7.989,1.105
London,3,4.88,1.165
London,1,5.887,2.025
Amsterdam,2,5.629,1.618
Barcelona,2,2.298,0.572
London,1,4.522,0.302
London,1,0.59,0.269
London,1,1.483,0.092
Amsterdam,1,3.419,2.234
London,1,2.5,0.341
London,0,7.695,2.627
London,1,1.493,0.359
London,1,4.733,0.515
London,1,3.562,0.81
London,3,8.449,1.065
London,2,5.685,1.592
London,1,2.68,0.309
Amsterdam,1,3.673,0.695
London,1,3.388,0.746
London,1,3.285,0.151
London,1,1.375,0.233
London,0,4.16,0.123
London,2,9.867,0.768
London,2,9.9,1.102
London,1,6.327,0.136
London,1,5.848,0.878
Amsterdam,2,3.544,0.44
Barcelona,1,1.935,0.81
Amsterdam,1,2.933,0.628
London,0,3.293,0.595
London,1,9.29,0.22
London,2,2.38,0.079
London,1,3.743,0.832
London,3,7.483,3.013
London,1,3.077,0.349
London,0,3.961,0.565
London,1,4.992,0.235
London,1,3.128,0.115
London,3,7.269,2.199
London,1,3.787,1.726
London,2,2.39,0.189
Amsterdam,1,3.571,2.62
London,2,5.476,0.511
Amsterdam,3,0.916,0.409
London,0,2.219,0.245
Amsterdam,1,0.985,0.167
Amsterdam,1,1.681,0.204
London,0,0.669,0.25
London,2,4.025,1.001
Barcelona,3,2.51,0.732
London,0,5.416,0.555
Barcelona,2,1.548,0.669
London,0,1.221,0.256
London,0,3.968,0.408
London,0,2.036,0.422
London,1,6.076,1.523
London,1,6.29,0.26
London,0,4.717,0.452
London,2,5.723,0.382
London,0,3.617,0.27
London,1,4.954,1.599
London,1,4.673,0.411
London,1,4.074,1.177
London,2,6.38,0.511
London,0,4.817,0.24
London,0,4.717,0.452
London,1,8.774,2.669
London,1,6.158,0.424
Barcelona,2,3.848,0.483
London,1,5.383,0.275
London,1,5.232,0.464
London,0,4.805,1.183
London,1,5.673,1.199
Barcelona,2,0.602,0.274
London,1,6.484,0.189
London,1,4.551,0.442
Amsterdam,1,5.039,1.73
Barcelona,1,0.974,0.35
London,1,3.545,0.162
London,0,3.165,0.538
London,2,3.932,0.588
London,0,1.401,0.434
London,1,4.887,0.273
Amsterdam,1,1.975,0.228
London,1,7.6,0.519
Barcelona,1,2.67,0.658
London,0,3.5,0.498
London,2,3.488,0.223
London,1,7.575,0.668
London,1,5.995,0.208
London,0,7.413,0.507
London,1,1.159,0.233
Amsterdam,1,1.407,1.381
London,0,6.607,0.544
London,1,4.438,0.985
Amsterdam,2,7.822,3.901
London,2,4.245,0.279
Amsterdam,0,6.961,3.755
London,2,13.757,4.731
London,1,4.602,0.28
London,0,4.276,0.511
Amsterdam,3,4.052,0.684
London,1,2.909,0.193
London,1,5.966,0.655
London,1,2.788,0.581
London,1,7.78,0.507
London,1,5.372,0.51
London,0,5.669,0.399
London,2,7.432,0.136
London,1,12.213,5.049
Barcelona,2,3.17,0.35
London,1,4.771,0.087
London,1,4.191,0.591
London,1,7.6,0.519
London,0,3.84,0.493
Amsterdam,1,3.608,0.75
Amsterdam,1,1.305,1.342
London,1,5.961,1.588
Barcelona,3,2.647,1.05
London,2,2.771,0.38
London,2,9.476,0.083
Amsterdam,1,0.829,0.904
London,1,0.156,0.2
London,2,1.315,0.451
London,1,6.853,3.24
London,1,2.365,0.383
London,1,2.398,0.531
London,1,3.565,0.239
London,1,3.069,0.186
London,1,4.104,0.786
Amsterdam,1,0.555,0.346
London,1,4.608,0.456
London,3,6.674,3.316
Amsterdam,1,2.208,1.798
London,2,3.987,0.517
London,1,8.061,0.464
London,1,9.052,2.181
London,2,5.887,0.121
Amsterdam,0,3.3,0.657
London,1,3.164,0.535
London,0,3.211,0.488
London,1,3.097,0.533
London,1,1.707,0.439
Barcelona,2,3.198,0.116
London,1,3.455,0.2
London,0,3.626,0.304
London,1,3.986,0.419
London,1,4.924,0.52
London,1,7.778,0.431
London,2,6.027,0.236
London,1,1.985,0.092
London,1,5.918,1.381
Amsterdam,0,2.678,1.844
London,1,7.914,0.777
London,1,6.615,1.332
London,1,6.87,0.247
London,0,4.276,0.511
London,1,4.25,0.273
London,3,9.254,2.05
London,1,5.089,0.523
London,2,5.556,0.911
London,1,5.11,1.105
London,2,17.005,5.378
London,0,6.924,0.166
London,1,3.872,1.223
London,1,6.639,1.597
London,1,2.8,0.257
London,1,4.484,0.312
London,1,7.607,1.806
London,1,1.81,0.342
Barcelona,2,3.342,0.119
London,1,4.94,0.622
London,2,4.57,0.361
London,2,4.915,0.52
Barcelona,1,1.196,0.58
Amsterdam,1,2.178,1.397
London,1,2.431,0.386
Barcelona,2,2.642,0.146
London,1,3.839,0.413
Barcelona,1,1.201,0.384
Amsterdam,1,1.512,0.399
London,1,4.586,0.343
Amsterdam,2,0.367,0.271
London,1,6.442,0.077
London,2,7.273,0.957
London,1,4.13,0.137
London,0,3.816,0.432
London,2,3.261,0.74
London,0,5.591,0.305
Amsterdam,1,3.604,0.567
London,1,5.732,0.551
Amsterdam,1,2.17,1.901
London,1,3.097,0.533
London,0,4.989,1.39
Barcelona,2,0.168,0.184
Amsterdam,1,2.807,1.671
London,2,4.582,0.442
London,1,5.56,0.347
London,3,6.974,0.446
London,2,15.187,6.251
Amsterdam,1,2.521,0.122
London,1,3.917,0.318
London,1,3.708,0.823
Amsterdam,1,2.521,1.296
Amsterdam,2,3.746,1.29
Barcelona,2,1.11,0.432
London,0,5.609,0.392
London,2,3.473,0.223
London,2,3.236,0.162
London,1,5.583,1.057
London,1,6.779,0.172
London,0,6.141,0.439
London,1,5.511,2.097
London,2,3.433,0.756
London,2,4.028,0.672
London,1,3.98,0.296
London,1,2.331,0.282
London,1,1.389,0.234
Amsterdam,1,2.164,0.669
London,1,5.982,1.061
London,1,3.406,1.423
Barcelona,1,1.935,0.81
London,1,9.114,3.836
Amsterdam,3,2.176,1.748
London,1,6.575,1.008
Barcelona,2,0.718,0.181
London,1,3.98,0.296
London,1,5.503,1.047
London,1,3.664,0.352
Amsterdam,2,2.148,1.664
Barcelona,3,3.117,1.192
Amsterdam,3,3.732,0.465
London,1,5.56,0.347
London,2,14.449,5.043
Barcelona,2,0.873,0.319
London,0,4.765,0.23
London,2,5.723,2.179
Amsterdam,2,7.821,0.35
Amsterdam,1,2.273,2.002
London,1,4.733,1.498
Amsterdam,1,2.458,1.792
Barcelona,2,0.509,0.237
Barcelona,0,0.781,0.189
London,1,10.05,6.01
Amsterdam,1,3.914,1.066
London,1,5.264,2.04
London,0,7.598,0.68
London,1,4.493,0.959
Amsterdam,2,0.827,0.648
London,1,2.415,0.117
Barcelona,1,2.44,0.338
London,2,3.319,0.44
London,0,4.673,0.449
London,1,1.345,0.234
London,2,8.277,1.759
London,0,6.591,0.346
Barcelona,1,1.197,0.455
Barcelona,0,2.602,0.454
London,1,0.34,0.187
London,0,4.966,0.898
London,2,8.417,0.76
London,1,3.223,0.675
Amsterdam,2,1.196,0.978
London,1,7.73,0.417
London,0,6.762,0.406
London,1,3.122,0.496
London,2,4.901,0.551
London,0,2.373,0.254
Amsterdam,1,2.825,0.987
Amsterdam,2,3.564,1.358
London,0,1.891,0.224
London,2,1.302,0.199
Amsterdam,1,2.943,0.892
Amsterdam,0,1.912,1.724
London,1,2.091,0.15
London,1,2.155,0.654
London,1,5.171,1.503
London,1,4.998,0.135
Barcelona,1,0.595,0.316
London,0,4.804,0.188
London,2,4.904,0.745
London,1,10.387,5.796
London,0,4.968,0.608
Amsterdam,1,1.584,1.198
London,1,8.333,3.117
London,1,6.244,1.916
London,2,2.758,0.329
London,1,4.938,0.654
London,2,4.991,0.377
London,0,3.974,0.157
London,1,2.049,0.405
London,1,0.844,0.405
Barcelona,1,0.853,0.203
London,0,3.935,0.365
London,2,14.163,5.02
London,0,5.062,0.033
London,0,4.177,0.325
London,1,1.702,0.367
London,1,3.03,0.467
Amsterdam,1,2.587,1.268
Amsterdam,1,1.056,0.657
London,2,4.428,1.015
Amsterdam,2,3.695,0.398
London,1,4.226,1.532
London,1,5.987,0.468
London,2,5.521,0.366
Barcelona,2,1.691,0.656
Amsterdam,1,4.944,3.452
Barcelona,1,1.294,0.098
London,1,8.063,0.718
London,0,4.225,0.87
London,2,7.826,0.639
Amsterdam,1,2.924,0.512
Amsterdam,2,7.495,3.317
London,2,5.683,0.268
London,1,8.419,0.908
Amsterdam,1,0.555,0.346
Amsterdam,0,1.129,0.741
London,2,3.192,0.272
London,1,7.715,0.738
London,1,6.71,0.926
London,1,5.573,0.734
London,1,3.296,0.38
London,2,3.82,0.422
London,0,3.422,0.308
London,3,7.077,1.076
Amsterdam,1,3.313,0.517
London,1,4.412,0.295
London,1,4.29,0.378
London,2,6.774,0.437
London,1,0.382,0.066
Amsterdam,1,3.439,0.819
London,1,4.229,1.304
London,2,2.781,0.402
London,0,14.096,4.952
Amsterdam,2,2.819,1.321
London,1,1.788,0.439
Barcelona,2,1.071,0.531
London,1,4.156,0.59
London,2,6.61,0.329
London,2,7.239,1.098
London,2,7.051,0.185
London,1,14.163,5.033
London,1,4.267,0.202
London,1,5.802,0.099
London,2,1.352,0.515
London,2,6.408,0.479
London,2,2.526,0.093
London,0,3.935,0.365
London,1,5.375,0.39
London,1,5.264,2.039
London,2,3.92,0.581
London,3,1.547,0.442
Barcelona,1,1.757,0.368
London,1,5.918,0.669
Amsterdam,1,2.709,1.241
Amsterdam,1,3.481,1.341
London,1,3.797,0.778
Amsterdam,3,8.15,3.312
London,1,5.424,1.289
London,0,5.964,0.291
Amsterdam,2,2.984,0.956
Amsterdam,1,1.0,0.496
Amsterdam,1,1.171,0.551
London,0,4.185,0.434
Amsterdam,0,0.1,0.307
London,1,8.175,0.736
London,1,2.783,0.523
London,1,3.287,0.584
Amsterdam,2,2.793,1.05
Amsterdam,1,1.733,0.504
London,2,9.317,3.263
London,1,1.386,0.529
London,2,5.235,0.191
London,1,6.215,0.665
Amsterdam,1,4.029,0.977
London,0,3.576,0.23
London,1,5.893,0.579
London,1,3.665,0.742
London,1,2.507,0.298
London,1,1.871,0.211
London,0,3.935,0.365
London,1,2.865,0.409
London,0,4.428,0.289
London,0,3.293,0.595
Barcelona,1,0.651,0.164
Barcelona,2,0.181,0.196
London,1,4.388,0.446
London,1,2.602,0.195
Barcelona,2,0.582,0.356
Barcelona,2,1.987,0.142
Amsterdam,0,1.904,1.585
London,1,6.365,0.069
London,1,4.929,0.121
London,1,7.262,0.319
London,0,2.431,0.08
Amsterdam,1,2.332,0.1
London,2,3.609,0.228
London,0,4.709,0.336
London,1,4.615,0.291
London,1,3.109,0.317
London,1,4.895,0.232
London,2,3.166,0.137
London,0,4.543,0.403
London,2,7.239,1.098
London,0,4.852,0.467
Barcelona,0,0.999,0.181
Barcelona,2,3.086,1.285
London,0,4.632,0.407
Barcelona,2,1.683,0.191
London,1,1.437,0.246
Barcelona,2,0.836,0.469
Amsterdam,0,2.678,1.844
London,2,4.888,0.55
London,3,7.273,2.53
London,1,2.907,0.409
Barcelona,2,3.701,1.329
Amsterdam,2,2.525,0.772
Amsterdam,1,1.591,1.514
London,1,2.409,0.086
Amsterdam,2,7.081,3.196
Barcelona,1,2.782,0.353
London,1,2.014,0.426
Barcelona,0,1.158,0.4
London,0,2.811,0.568
London,1,4.73,0.269
London,1,2.245,0.36
London,2,4.78,0.813
London,3,3.414,0.207
London,2,3.331,0.155
London,1,2.396,0.183
London,0,7.103,0.981
London,2,5.927,1.539
Amsterdam,2,2.984,0.956
Amsterdam,1,2.573,1.472
Barcelona,3,2.647,1.05
London,1,5.034,0.375
London,1,1.574,0.106
Barcelona,2,3.22,0.204
Amsterdam,1,0.726,0.793
London,1,3.899,0.496
London,2,5.039,0.501
London,2,5.932,0.442
Amsterdam,1,1.738,1.878
Barcelona,1,3.906,0.937
Amsterdam,1,1.271,0.707
London,2,5.581,0.807
London,1,4.867,0.594
London,2,3.247,0.253
London,1,1.667,0.246
London,1,1.208,0.18
London,2,4.345,0.322
London,1,3.282,0.413
Barcelona,1,0.614,0.288
London,1,1.068,0.345
London,0,3.84,0.493
London,1,3.906,0.681
London,1,1.635,0.084
London,1,8.063,0.718
London,1,6.022,0.114
London,2,5.645,0.209
London,2,6.079,2.287
London,1,4.028,0.717
London,1,2.571,0.235
Barcelona,1,1.63,0.107
London,1,1.584,0.482
London,2,5.129,0.298
London,1,6.075,1.76
Barcelona,3,1.171,0.276
London,2,6.928,0.761
London,1,4.316,0.418
London,1,3.351,0.974
London,0,7.87,0.957
Amsterdam,1,2.835,0.492
London,0,5.335,0.254
Barcelona,2,2.949,0.235
Amsterdam,2,9.461,0.52
London,0,4.174,0.588
London,2,4.295,0.092
London,1,6.045,0.627
London,1,4.905,0.561
London,1,14.951,4.042
London,2,7.905,1.022
London,2,7.799,0.755
Barcelona,2,2.311,0.344
London,2,9.253,0.733
London,2,4.402,0.423
London,1,4.466,0.106
Amsterdam,1,3.91,0.711
London,1,5.071,0.421
London,1,2.26,0.395
London,1,4.917,1.183
London,1,4.127,0.274
London,0,2.482,0.27
London,2,5.183,0.857
London,0,5.733,0.116
Amsterdam,1,0.539,0.248
Amsterdam,2,0.787,0.101
London,2,7.651,0.532
Barcelona,2,2.319,0.545
London,2,5.812,0.356
London,1,0.156,0.2
London,1,4.303,0.132
London,0,4.815,1.166
Barcelona,1,3.008,0.199
London,0,2.492,0.063
London,1,5.962,0.812
London,2,4.591,0.928
London,1,12.672,6.752
London,1,3.972,0.123
London,2,4.381,0.13
London,0,4.028,0.739
London,2,2.866,0.386
London,2,7.821,0.948
London,2,17.005,5.378
London,0,4.531,0.333
London,1,5.782,0.186
Barcelona,1,2.613,0.255
Amsterdam,1,1.379,1.396
London,1,3.602,0.479
London,1,7.361,0.467
London,1,2.56,0.638
London,1,1.825,0.389
London,1,6.528,0.949
London,0,2.709,0.244
Amsterdam,2,4.52,0.765
London,1,4.438,0.985
Barcelona,1,1.139,0.654
London,1,2.814,0.409
London,1,4.556,0.186
London,1,5.801,0.152
London,2,9.239,0.991
London,2,4.174,0.513
London,1,9.321,0.297
London,0,6.0,0.316
London,1,11.546,7.507
London,1,4.279,0.929
London,0,2.85,0.304
London,1,1.929,0.26
London,1,3.579,0.229
London,0,4.445,0.325
London,2,5.419,2.362
Amsterdam,1,2.379,0.373
Barcelona,2,0.563,0.277
London,3,4.589,0.257
London,2,2.469,0.693
London,1,4.197,0.308
London,1,2.546,0.452
London,1,8.437,0.415
London,0,4.711,0.33
London,0,4.677,0.365
London,0,2.491,0.429
London,1,1.584,0.482
London,0,3.902,0.194
London,2,9.439,0.752
Amsterdam,1,4.044,1.486
Barcelona,1,0.269,0.217
London,1,5.301,1.589
London,2,3.775,0.424
Amsterdam,0,5.213,3.833
London,2,6.298,1.36
London,1,2.56,0.638
Barcelona,2,1.988,0.299
London,1,10.359,5.232
Barcelona,1,1.793,0.73
Amsterdam,1,1.08,0.857
London,0,3.125,0.247
Barcelona,0,1.346,0.476
London,2,3.709,0.439
London,1,6.27,1.133
Amsterdam,1,0.336,0.564
London,2,6.408,0.479
London,2,4.666,0.514
London,1,4.603,0.444
London,2,4.132,0.553
London,1,4.86,0.306
London,2,8.547,2.233
London,1,3.938,0.268
Barcelona,1,1.832,0.748
London,1,1.296,0.167
London,1,8.191,0.471
Amsterdam,1,1.823,1.946
Amsterdam,1,5.039,1.73
London,0,3.213,0.514
London,1,2.21,0.356
London,0,4.185,0.434
London,2,4.572,0.513
Amsterdam,1,3.47,2.446
London,2,7.565,0.129
Amsterdam,1,0.505,0.338
London,1,4.796,0.751
London,2,4.052,0.928
London,1,1.874,0.225
London,1,3.207,0.612
London,1,5.597,0.189
London,1,3.281,0.32
London,1,4.316,0.327
London,0,5.24,0.402
Amsterdam,2,2.793,1.05
London,1,1.582,0.449
London,2,4.405,0.292
Amsterdam,1,2.178,1.397
Amsterdam,1,1.835,1.898
London,2,4.865,0.494
London,1,3.078,0.185
London,1,6.289,0.26
London,1,5.708,0.288
London,1,3.496,0.181
London,2,3.92,0.581
London,1,3.804,0.466
Amsterdam,1,1.425,0.133
London,1,3.268,0.147
London,1,9.456,0.31
London,2,4.901,0.551
London,3,5.756,0.107
London,2,4.133,0.849
London,2,5.035,0.499
London,1,4.643,0.431
Amsterdam,1,3.551,1.394
London,1,3.981,0.576
London,1,3.782,0.615
London,1,6.528,0.949
London,1,4.658,0.191
London,2,6.011,0.343
Amsterdam,1,2.825,0.987
London,0,4.185,0.434
London,1,10.31,5.39
London,1,4.03,0.787
London,1,5.301,1.589
London,1,4.149,0.289
London,2,3.264,0.829
London,0,4.185,0.435
London,2,10.498,6.175
London,1,0.481,0.035
London,2,1.642,0.078
London,1,4.188,0.353
London,2,13.638,4.496
Amsterdam,1,1.271,0.707
Barcelona,2,2.829,0.526
London,2,4.257,0.349
Barcelona,2,1.985,0.297
London,1,3.162,0.479
Amsterdam,2,3.564,1.358
London,1,3.739,1.679
London,1,9.081,3.511
London,1,7.865,2.538
London,1,5.262,0.064
London,2,5.929,0.796
London,1,7.988,1.651
Amsterdam,2,2.262,1.848
Barcelona,1,0.974,0.35
London,1,7.575,0.668
London,0,3.935,0.365
London,0,4.622,0.451
London,1,4.28,0.216
London,1,6.341,0.169
London,1,2.269,0.05
Amsterdam,0,0.593,0.504
London,1,4.752,0.328
London,1,7.715,0.738
Amsterdam,1,3.584,2.318
London,2,7.466,0.603
London,2,4.475,0.328
London,0,3.95,0.486
London,0,4.961,1.297
Barcelona,2,2.91,0.315
Amsterdam,1,2.01,1.475
London,1,3.709,0.181
London,2,6.61,0.329
London,3,4.812,0.475
London,2,7.502,1.122
London,1,3.446,0.593
Barcelona,2,1.293,0.428
London,1,5.795,0.22
Amsterdam,2,3.047,1.388
London,3,9.087,0.969
London,0,4.185,0.434
Barcelona,1,1.112,0.63
Barcelona,3,2.294,0.755
London,1,4.641,0.421
Barcelona,3,1.445,0.545
Amsterdam,2,2.16,0.946
London,1,1.541,0.201
London,0,7.56,0.485
Amsterdam,1,1.063,1.196
London,0,3.305,0.909
London,0,3.141,0.143
London,1,6.002,0.388
Barcelona,1,1.112,0.373
London,0,3.837,0.391
London,1,4.603,0.444
London,0,4.13,0.782
London,1,4.93,0.547
London,1,3.229,0.794
London,1,1.363,0.294
London,2,4.934,0.441
Amsterdam,1,1.063,0.93
London,1,5.378,0.101
Amsterdam,2,2.332,1.479
London,1,2.313,0.47
London,1,4.149,0.289
London,2,0.325,0.037
Barcelona,1,2.863,0.913
London,2,5.723,2.179
London,0,1.729,0.488
London,1,4.406,1.09
London,2,4.4,0.266
Amsterdam,0,1.801,0.41
London,1,3.757,0.425
London,2,1.965,0.175
London,1,4.771,0.087
London,1,6.169,0.702
London,1,4.26,0.402
London,1,4.938,0.654
London,0,3.935,0.365
Amsterdam,2,2.79,0.573
Amsterdam,2,4.894,0.831
Amsterdam,1,4.047,1.211
London,2,7.598,0.595
Amsterdam,1,3.109,2.031
London,1,3.194,0.604
Amsterdam,2,3.794,1.763
London,1,6.075,1.76
London,1,2.169,0.144
London,1,3.555,0.748
London,0,3.5,0.498
London,2,7.403,1.795
Barcelona,3,2.91,1.049
London,1,8.828,2.152
London,2,9.476,0.083
Barcelona,1,1.281,0.73
London,2,4.947,0.37
London,1,3.538,0.549
London,1,6.052,1.322
London,1,4.513,0.372
Barcelona,1,3.9,0.929
London,2,2.771,0.547
Amsterdam,1,2.068,0.226
London,1,5.802,0.099
Amsterdam,1,2.273,2.002
London,0,4.602,0.438
London,1,2.264,0.586
Barcelona,3,2.183,0.435
London,1,1.375,0.233
London,1,1.737,0.378
Amsterdam,1,4.027,0.872
London,0,7.226,0.967
London,1,3.916,1.267
London,1,6.876,2.247
London,1,3.256,1.312
London,1,11.017,5.801
Barcelona,0,1.042,0.218
Barcelona,1,0.423,0.078
London,0,7.647,0.639
London,0,5.983,0.304
Amsterdam,1,2.564,1.248
London,1,3.554,0.771
Barcelona,1,1.445,0.473
London,2,4.341,0.331
London,1,6.818,1.675
Barcelona,1,0.638,0.35
London,1,2.826,0.224
London,0,4.543,0.403
London,1,1.068,0.345
London,0,4.428,0.289
London,2,9.489,1.617
London,1,2.989,0.175
London,1,3.678,0.295
Amsterdam,1,9.336,0.38
London,0,3.528,0.197
London,0,4.585,0.423
Amsterdam,1,4.456,0.413
London,2,5.021,0.422
London,1,5.775,0.283
Barcelona,3,2.317,0.208
London,0,6.709,0.305
London,1,3.335,0.398
London,1,1.582,0.449
London,3,2.345,0.277
London,2,9.113,3.833
Barcelona,1,1.124,0.483
London,1,8.849,3.457
London,2,4.971,0.453
Amsterdam,1,0.505,0.338
London,1,3.623,0.173
London,1,5.171,0.169
London,1,3.072,0.539
London,0,2.168,0.441
London,0,3.969,0.253
London,1,4.615,0.494
London,2,3.838,0.167
London,1,7.988,1.651
London,1,1.99,0.36
London,2,5.135,0.35
London,2,2.842,0.457
Amsterdam,1,2.01,1.475
Amsterdam,1,1.487,1.526
Amsterdam,1,0.61,0.23
London,1,3.645,0.806
London,0,5.913,0.33
London,0,5.545,0.973
London,1,5.517,0.152
London,1,1.167,0.408
Barcelona,2,0.778,0.476
London,1,4.064,0.206
London,1,4.249,0.552
London,1,5.825,0.129
Amsterdam,1,4.774,0.282
London,0,4.997,1.392
Amsterdam,1,2.174,0.41
London,2,3.858,0.535
London,0,4.573,0.456
London,0,5.062,0.033
London,0,3.824,0.248
London,1,8.993,3.91
London,1,4.793,0.244
London,2,4.923,0.57
London,1,3.239,0.723
London,1,4.416,0.388
Barcelona,2,1.122,0.821
London,1,1.667,0.246
London,1,7.268,1.817
London,2,3.582,0.509
London,2,5.138,1.19
London,1,4.019,0.485
Amsterdam,1,4.303,0.194
London,0,4.553,0.431
London,1,1.99,0.596
London,1,7.478,2.867
London,1,5.391,0.37
London,2,7.091,0.194
Amsterdam,1,1.909,0.699
London,1,5.833,0.243
London,1,5.942,0.506
London,1,6.007,0.404
London,0,4.896,0.497
London,1,5.833,0.243
London,1,2.288,0.192
London,0,5.863,0.299
London,1,5.889,2.774
London,1,8.218,3.291
Amsterdam,1,3.611,0.841
London,0,3.974,0.352
London,3,8.026,0.852
London,0,5.099,1.857
Amsterdam,1,2.081,0.443
London,1,5.08,1.197
London,2,6.148,0.262
Amsterdam,1,1.51,1.174
Amsterdam,1,2.315,1.595
London,1,7.778,0.431
Amsterdam,1,2.173,0.63
London,1,4.38,1.183
Barcelona,2,1.293,0.428
Amsterdam,1,1.814,1.526
London,2,4.47,0.359
Amsterdam,1,3.03,0.911
London,1,3.335,0.096
Amsterdam,0,4.147,0.038
Amsterdam,1,1.319,1.443
London,1,4.059,0.241
Amsterdam,1,1.852,0.685
London,1,4.045,0.953
London,0,3.935,0.365
London,2,13.619,4.514
London,0,4.483,0.267
London,2,4.697,0.129
London,1,8.636,1.049
London,1,4.569,0.5
London,1,5.171,1.503
Amsterdam,0,1.879,0.295
London,1,6.372,0.18
London,1,4.681,0.562
London,2,4.854,0.522
London,1,1.77,0.27
London,2,3.335,0.12
London,1,4.002,0.189
London,2,2.051,0.448
London,1,3.195,0.612
London,1,6.342,0.046
Amsterdam,1,3.698,2.444
London,0,3.088,0.165
London,1,3.938,0.407
London,2,4.129,0.277
London,1,3.226,0.453
London,1,4.389,0.39
London,3,6.335,0.47
London,1,4.13,0.137
London,2,5.94,0.378
Amsterdam,1,7.887,3.416
Amsterdam,0,5.213,3.833
London,1,8.076,3.108
London,2,3.609,0.228
London,1,3.974,0.157
Amsterdam,1,1.375,0.886
London,2,4.057,0.532
London,1,1.476,0.384
London,2,5.94,0.378
London,0,4.717,0.452
London,0,1.729,0.488
Barcelona,1,1.518,0.337
London,1,5.583,1.946
London,0,5.129,0.801
London,1,2.824,0.277
Amsterdam,1,0.84,0.595
London,0,5.816,0.496
London,0,4.673,0.449
Amsterdam,1,2.035,1.848
London,2,6.928,0.761
London,2,3.556,0.211
London,2,3.879,1.755
Barcelona,1,3.906,0.937
Amsterdam,1,3.604,0.567
London,0,2.266,0.191
Amsterdam,2,4.19,0.694
Amsterdam,1,2.379,1.526
London,2,6.25,0.725
London,1,1.417,0.392
London,1,5.408,1.934
London,0,6.03,0.333
Amsterdam,2,2.567,1.889
London,1,6.333,0.293
London,3,9.203,4.081
London,1,7.419,0.543
London,1,7.156,2.254
London,1,4.83,0.38
London,1,0.74,0.343
London,1,4.461,0.406
Barcelona,1,3.392,0.2
London,1,0.294,0.168
Barcelona,2,3.255,1.554
London,0,5.43,2.712
Barcelona,2,1.82,0.393
London,0,3.807,0.285
London,2,6.023,0.218
London,0,3.17,0.555
London,1,6.788,1.978
London,1,1.427,0.142
London,1,2.602,0.195
London,2,2.216,0.676
London,2,4.471,0.172
Amsterdam,1,4.298,0.419
London,2,4.863,0.774
Barcelona,2,1.985,0.297
London,1,5.518,0.543
London,1,3.487,0.417
London,2,14.058,4.936
London,1,6.333,0.293
London,2,5.873,1.923
London,1,8.314,0.078
London,0,4.602,0.395
London,1,4.845,1.637
Amsterdam,1,1.483,0.536
London,1,3.678,0.295
Barcelona,2,1.927,0.335
London,1,1.57,0.241
Amsterdam,1,2.207,0.516
London,2,5.238,0.433
Amsterdam,0,2.515,1.013
London,1,2.106,0.437
London,1,6.344,0.715
Barcelona,2,4.59,0.384
London,0,3.222,0.248
London,0,4.632,0.407
London,2,4.129,0.277
London,1,4.366,0.944
London,3,6.867,0.81
London,2,7.051,0.185
London,1,3.549,0.223
London,1,1.479,0.393
London,2,6.405,0.701
London,0,1.856,0.211
London,2,2.333,0.42
London,0,4.048,0.273
London,2,4.939,0.707
Amsterdam,1,1.909,0.294
London,0,5.327,0.285
Barcelona,2,0.791,0.337
Amsterdam,1,2.62,0.938
Amsterdam,1,1.495,1.52
London,1,9.162,4.781
London,1,2.697,0.387
London,2,5.844,2.155
London,1,5.931,0.903
London,2,8.103,1.363
London,0,2.854,0.648
Amsterdam,0,3.294,0.67
London,1,8.676,1.118
London,0,3.51,0.185
London,2,2.723,0.3
London,0,5.964,0.291
London,3,4.789,1.894
London,2,3.788,0.878
London,2,4.854,0.476
London,0,4.556,0.415
Amsterdam,2,11.038,0.627
London,0,4.82,0.217
London,0,9.873,0.974
London,1,8.745,3.233
Amsterdam,1,1.412,0.166
London,1,2.683,0.466
Barcelona,1,0.945,0.178
Amsterdam,2,2.86,0.952
London,0,4.7,0.489
London,0,2.482,0.27
London,1,7.6,3.113
London,1,6.743,0.59
London,2,4.237,0.496
London,1,6.161,0.036
Amsterdam,1,3.61,1.007
London,2,6.138,0.259
Barcelona,1,2.846,0.535
London,0,5.922,0.244
London,2,8.701,0.74
London,2,3.419,0.367
Amsterdam,1,3.621,2.5
Amsterdam,2,3.856,0.728
London,1,5.865,0.251
London,2,5.763,0.489
Amsterdam,1,2.032,1.877
London,1,5.486,0.399
London,3,1.45,0.237
Barcelona,2,1.251,0.787
London,1,5.942,1.097
London,2,3.218,0.703
London,0,4.959,0.182
London,1,4.904,0.585
London,1,3.913,0.38
Amsterdam,1,3.625,0.428
London,2,4.729,0.483
Amsterdam,3,3.388,2.112
London,1,5.35,0.337
London,2,6.198,0.36
London,2,14.534,5.044
London,1,13.967,4.846
Barcelona,2,1.985,0.297
Amsterdam,1,4.113,0.218
Amsterdam,1,4.298,0.419
Amsterdam,2,2.372,0.427
London,2,8.173,1.27
Barcelona,1,2.069,0.143
Amsterdam,1,2.644,0.467
London,1,4.886,0.704
London,2,6.361,1.225
London,2,7.551,0.142
London,0,5.919,0.269
London,1,6.115,0.464
London,1,3.075,0.63
London,1,3.98,0.475
London,1,3.906,0.681
London,1,5.417,1.644
London,2,6.128,0.417
London,0,4.67,0.504
London,1,4.352,0.138
Amsterdam,1,3.039,1.604
London,0,4.607,0.498
London,1,4.967,0.687
London,1,3.313,0.092
London,1,3.326,0.567
Amsterdam,2,3.823,0.712
London,1,1.192,0.293
London,1,3.194,0.604
London,0,2.816,0.421
London,1,4.509,1.192
London,2,3.78,0.886
Barcelona,1,1.759,0.173
London,1,4.028,0.717
London,1,3.265,0.273
Barcelona,0,1.138,0.554
London,2,3.264,0.829
London,2,9.113,3.833
London,1,4.825,0.627
Barcelona,1,1.078,0.132
London,1,3.071,0.558
London,0,6.762,0.406
London,1,3.118,0.207
London,1,1.69,0.348
London,1,13.34,4.206
London,0,3.936,0.354
London,1,5.341,0.294
London,1,8.175,0.736
London,2,4.947,0.37
London,1,8.056,1.49
Amsterdam,2,2.583,1.282
London,1,4.602,0.28
London,3,5.603,0.498
Barcelona,2,1.659,0.355
London,0,5.851,0.447
London,2,4.105,0.664
London,1,5.402,0.839
London,2,6.256,0.212
Barcelona,2,3.011,0.298
London,1,5.486,0.399
Barcelona,2,1.598,0.242
London,1,8.785,0.214
London,1,5.041,0.246
London,1,4.28,0.216
London,1,5.918,0.669
London,2,1.444,0.218
Barcelona,2,2.765,1.11
London,3,7.269,2.199
London,1,8.004,1.559
Amsterdam,3,2.68,1.29
Barcelona,1,1.445,0.473
London,1,3.296,0.38
London,3,6.674,3.316
London,3,4.119,1.549
London,1,4.643,0.431
London,1,6.766,0.121
London,1,5.987,0.468
London,1,4.929,0.121
London,3,4.541,1.352
London,2,4.006,0.75
London,1,5.918,1.381
Barcelona,0,0.892,0.223
London,1,4.316,0.124
London,1,10.387,5.796
Amsterdam,1,1.961,0.5
London,0,3.352,0.48
Barcelona,2,3.03,1.215
London,0,4.468,0.351
Barcelona,1,1.196,0.58
Barcelona,2,1.701,0.33
Amsterdam,1,2.709,1.241
London,1,7.827,0.406
Amsterdam,0,1.702,1.839
London,1,2.724,0.585
London,0,6.009,0.459
London,1,4.193,0.317
London,1,6.449,0.377
London,1,0.333,0.144
Barcelona,2,0.694,0.358
London,0,4.502,0.434
London,1,5.165,0.339
London,2,6.138,0.259
London,2,8.288,3.408
London,1,5.368,0.262
Amsterdam,1,2.414,0.405
London,2,5.511,0.306
London,1,3.207,0.612
London,2,4.957,0.478
London,0,1.715,0.133
London,1,4.793,0.244
London,1,8.255,1.74
London,0,1.173,0.11
London,0,4.062,0.66
London,1,5.105,0.716
London,0,3.935,0.365
Amsterdam,1,1.763,1.895
Barcelona,1,1.078,0.155
London,3,8.655,0.547
London,2,14.964,3.873
London,0,6.24,0.499
Amsterdam,1,2.758,1.661
London,1,4.027,0.43
London,2,8.449,0.956
Barcelona,2,1.303,0.38
Barcelona,0,3.419,0.359
London,1,11.162,5.92
London,1,4.292,0.199
London,1,4.738,0.285
London,2,8.116,0.772
London,2,4.148,0.622
Amsterdam,1,3.192,1.234
Barcelona,1,1.529,0.523
Barcelona,1,0.164,0.185
London,2,8.701,0.74
London,2,9.932,0.541
London,1,5.213,0.565
Amsterdam,0,2.527,1.359
London,0,4.983,0.252
London,1,1.557,0.591
London,1,1.313,0.262
London,1,5.917,2.036
London,2,5.043,0.216
London,1,4.567,0.332
London,1,8.488,3.514
London,1,0.766,0.168
London,0,5.863,0.299
London,1,3.972,0.182
London,1,3.275,0.43
London,2,5.878,0.476
Amsterdam,3,2.525,1.3
London,2,6.552,1.286
London,2,6.962,3.757
London,2,6.887,0.779
London,0,3.538,0.199
London,2,4.543,0.19
London,2,6.046,0.63
London,1,4.067,0.848
London,1,15.814,5.683
London,1,2.409,0.086
Amsterdam,2,2.525,0.772
Amsterdam,2,4.221,0.312
Barcelona,1,2.05,0.464
London,1,12.213,5.049
London,1,7.511,0.719
Amsterdam,1,3.3,2.16
London,1,4.625,0.231
London,1,6.964,0.258
London,1,7.528,0.488
London,2,3.59,0.201
London,1,4.746,0.191
London,1,6.389,0.468
London,1,2.601,0.165
London,1,6.421,1.326
London,1,5.006,0.431
London,1,5.795,1.626
London,2,7.342,0.571
Barcelona,2,1.985,0.297
Barcelona,1,2.069,0.143
London,2,3.456,0.552
Barcelona,3,1.665,0.3
London,2,3.331,0.155
London,1,14.42,4.73
London,2,3.158,0.268
Amsterdam,1,3.135,1.955
London,2,15.241,5.917
London,2,3.307,0.666
London,1,6.798,0.757
Barcelona,3,1.728,0.325
London,1,5.639,2.086
London,1,3.229,0.488
London,1,3.577,0.316
London,1,3.393,1.389
London,1,4.954,1.61
London,2,9.867,4.791
London,1,7.49,0.574
Amsterdam,2,4.093,0.911
Barcelona,2,3.22,0.204
London,0,4.185,0.434
London,1,0.356,0.236
London,1,9.29,0.22
London,1,2.015,0.446
London,1,3.275,0.431
Amsterdam,2,2.1,0.324
Amsterdam,3,4.052,0.684
London,1,1.483,0.092
London,1,1.557,0.591
London,0,2.133,0.348
London,1,4.575,0.355
Amsterdam,2,3.53,2.097
London,1,5.097,0.702
London,2,2.231,0.249
London,1,11.546,7.507
London,2,8.845,0.341
London,0,5.875,0.313
London,2,4.03,0.602
London,1,9.437,4.381
London,1,9.821,0.869
Amsterdam,1,1.792,1.232
Barcelona,1,0.711,0.199
Barcelona,1,2.599,0.234
Amsterdam,2,6.329,4.412
London,2,4.909,0.15
London,2,7.57,0.62
London,2,10.331,5.334
London,1,4.828,0.602
London,2,3.416,0.212
London,1,6.779,0.172
London,1,8.035,0.736
London,2,3.094,0.459
London,1,3.902,0.713
London,1,3.065,0.456
London,1,1.735,0.335
Amsterdam,1,2.091,0.426
London,1,4.567,0.332
London,1,13.34,4.206
Amsterdam,1,1.541,0.3
London,1,6.128,0.516
London,1,7.593,0.759
London,1,5.635,2.11
London,2,4.443,0.251
London,1,6.847,1.502
Barcelona,2,1.062,0.381
Barcelona,3,2.91,1.049
London,1,2.924,0.448
London,3,5.481,0.544
London,1,3.188,0.502
Amsterdam,2,4.081,0.93
London,1,4.951,0.366
Barcelona,1,2.438,0.171
London,1,7.455,0.673
London,1,7.948,0.761
London,1,3.492,0.192
London,1,0.785,0.245
Amsterdam,2,3.575,0.769
Barcelona,2,1.936,0.471
London,1,4.824,0.446
Amsterdam,1,3.543,2.428
London,1,3.211,0.74
London,1,2.884,0.337
Amsterdam,0,2.979,1.458
London,1,4.584,0.36
London,1,5.161,0.801
London,0,5.889,0.218
London,2,5.877,1.103
Amsterdam,2,1.785,0.825
London,2,4.354,0.294
London,2,6.149,1.741
London,1,4.042,0.552
Barcelona,1,0.581,0.119
London,0,3.935,0.365
London,1,7.332,2.5
Amsterdam,1,1.517,1.429
London,0,4.961,1.297
London,2,3.166,0.137
London,1,1.877,0.401
London,1,3.325,0.604
London,1,4.916,0.412
Amsterdam,1,2.595,1.159
London,2,3.775,0.424
London,2,9.9,1.102
London,1,2.884,0.337
London,1,4.309,0.431
London,2,7.067,1.419
London,1,5.029,1.528
London,1,4.575,0.346
London,3,2.485,0.318
London,2,9.27,0.144
Amsterdam,1,1.483,0.536
Barcelona,2,1.616,0.215
London,1,3.293,0.155
London,1,4.714,0.148
Barcelona,2,1.425,0.267
London,1,2.5,0.341
London,0,14.096,4.952
Amsterdam,1,5.108,1.299
London,1,4.725,0.243
London,1,7.34,2.306
London,1,2.234,0.384
London,3,4.312,1.738
London,1,3.562,0.81
London,0,3.44,0.144
London,1,2.327,0.483
London,2,5.511,0.306
London,1,3.077,0.349
London,1,4.898,0.208
Amsterdam,2,7.693,3.777
London,1,7.199,1.98
London,1,2.009,0.443
London,1,14.64,4.656
London,1,4.38,1.183
London,2,3.447,0.348
London,2,5.879,1.526
London,2,4.416,0.131
Amsterdam,2,2.621,0.817
London,2,3.449,1.008
London,1,6.889,0.607
London,1,1.159,0.233
Barcelona,1,3.314,1.636
Amsterdam,1,4.303,0.194
London,2,4.133,0.849
London,2,5.94,0.378
Barcelona,2,1.699,0.331
London,1,4.042,0.552
Amsterdam,1,6.979,0.069
London,2,5.85,0.554
Barcelona,2,3.011,0.298
Amsterdam,2,4.081,0.93
London,1,3.213,0.554
London,0,4.668,0.374
London,1,4.783,0.543
London,2,8.823,4.245
London,1,0.962,0.318
London,1,7.78,0.507
London,1,3.468,0.497
Barcelona,2,3.476,0.26
London,1,5.391,0.37
London,0,4.679,1.412
London,1,0.59,0.269
London,1,5.486,0.399
Barcelona,2,1.738,0.333
London,1,0.844,0.405
London,1,8.095,3.592
Barcelona,1,1.014,0.137
London,1,4.181,0.266
London,1,8.129,0.349
London,2,2.492,0.647
London,2,7.342,0.571
London,1,3.838,0.167
London,3,7.938,0.521
Amsterdam,1,1.729,0.496
London,1,3.515,0.232
London,0,7.8,0.251
London,1,4.543,0.071
London,2,9.439,0.752
London,2,1.455,0.211
London,2,3.788,0.878
Barcelona,2,0.42,0.304
Barcelona,3,0.849,0.184
London,1,6.494,0.322
London,1,4.86,0.306
Amsterdam,1,1.063,0.93
Barcelona,3,2.252,0.731
Amsterdam,2,2.307,0.701
London,1,2.696,0.255
London,1,0.127,0.22
Amsterdam,1,1.909,0.699
London,2,2.15,0.517
London,1,4.235,1.177
London,2,9.054,0.431
London,2,5.927,1.539
London,2,5.429,0.164
London,2,4.475,0.328
London,1,3.25,0.853
London,1,5.675,0.657
London,1,1.599,0.273
London,0,3.116,0.147
Amsterdam,2,2.863,1.726
Amsterdam,1,3.84,0.754
London,2,2.938,0.643
London,2,5.537,0.231
London,0,3.18,0.268
London,1,3.104,0.409
London,0,4.617,0.469
London,1,1.942,0.23
Amsterdam,1,1.087,0.705
London,1,3.655,1.086
London,1,6.781,2.01
Amsterdam,1,1.306,1.283
London,1,6.25,1.123
London,2,5.017,0.494
London,0,3.495,0.317
London,1,3.326,0.567
London,2,7.651,0.532
London,1,5.917,0.11
London,0,3.229,0.488
London,1,0.311,0.034
Barcelona,3,2.338,0.593
London,1,6.14,0.314
London,2,6.174,0.701
London,1,2.367,0.464
London,1,1.427,0.142
London,1,5.431,1.055
London,2,3.987,0.517
London,2,5.54,0.858
London,1,5.756,0.616
London,2,3.697,0.798
London,2,5.927,0.159
London,2,3.625,0.067
London,1,2.234,0.384
London,1,2.707,0.189
London,1,1.688,0.529
London,1,4.513,0.372
London,1,3.891,0.88
London,0,4.564,0.592
London,0,3.133,0.305
London,1,1.898,0.46
Amsterdam,1,2.748,1.653
London,1,5.372,0.51
London,1,5.31,0.247
London,2,2.134,0.039
London,0,3.305,0.909
London,0,5.72,0.428
London,1,4.429,0.487
London,1,3.819,0.463
London,0,3.943,0.142
London,1,9.188,2.465
London,0,3.935,0.365
Amsterdam,2,2.486,1.908
Barcelona,2,1.785,0.337
London,2,6.856,3.186
Amsterdam,1,2.623,1.343
Amsterdam,1,3.637,0.44
Barcelona,3,1.666,0.37
London,1,4.46,0.276
London,1,4.623,0.368
London,1,4.424,1.339
London,3,5.617,1.482
Barcelona,1,1.63,0.659
London,0,5.919,0.269
London,1,5.987,0.987
London,0,4.602,0.438
London,1,2.327,0.483
Amsterdam,0,1.724,1.823
London,1,5.961,0.579
London,2,3.856,0.459
Amsterdam,1,2.379,1.526
London,2,2.559,0.364
London,1,6.728,0.212
London,1,6.658,0.317
Barcelona,2,3.407,0.289
London,0,3.386,0.456
London,2,5.178,1.933
Amsterdam,2,1.987,1.924
London,0,7.426,3.107
Amsterdam,2,4.755,0.982
Amsterdam,1,5.146,1.426
London,1,5.178,0.539
London,2,6.073,1.148
London,2,5.002,0.231
London,1,2.466,0.408
Barcelona,2,2.26,0.396
Amsterdam,1,3.439,0.819
Barcelona,3,1.434,0.329
London,2,6.079,2.539
London,2,1.437,0.379
London,1,1.869,0.21
London,1,5.698,0.23
Amsterdam,2,1.478,1.466
London,1,5.264,2.039
Amsterdam,2,1.469,0.187
London,1,2.7,0.391
London,2,4.407,0.363
Amsterdam,1,3.146,0.665
London,2,4.15,0.765
London,1,8.06,1.44
Barcelona,1,0.996,0.303
Amsterdam,1,2.926,0.849
London,1,0.882,0.359
London,2,3.6,1.141
London,1,2.487,0.411
Amsterdam,1,3.928,1.028
London,1,5.206,0.161
London,1,7.582,0.715
London,2,4.47,0.359
London,2,6.079,2.287
London,0,3.554,0.203
London,0,4.17,0.505
London,1,1.779,0.2
London,0,6.163,0.714
Amsterdam,1,1.578,0.317
London,0,2.603,0.389
London,2,4.957,0.478
London,1,7.512,0.724
Amsterdam,1,1.227,0.487
London,1,5.547,0.13
London,1,5.377,0.594
Barcelona,2,1.988,0.299
London,1,4.004,1.331
London,1,2.091,0.15
London,1,3.846,0.85
Barcelona,1,2.913,0.335
Amsterdam,1,3.781,0.92
London,1,6.029,2.75
London,1,3.161,0.479
London,1,3.98,0.575
London,1,5.105,0.716
London,2,5.017,0.494
Amsterdam,1,3.343,0.647
Amsterdam,2,7.072,2.94
London,1,6.449,0.377
Amsterdam,1,1.483,1.587
London,2,3.485,0.165
London,0,6.727,0.155
London,1,3.626,0.379
London,0,3.212,0.209
Amsterdam,2,1.057,0.432
London,1,1.327,0.195
London,0,7.647,0.639
London,1,4.65,0.533
Barcelona,3,3.677,1.395
London,1,3.974,0.157
London,2,5.599,1.605
London,2,5.847,0.515
London,2,5.851,0.549
Barcelona,1,0.975,0.101
Amsterdam,1,2.905,1.534
Amsterdam,1,4.09,1.513
London,1,6.009,0.211
London,1,8.275,1.212
Amsterdam,1,0.539,0.248
London,1,6.298,0.069
London,0,4.809,0.372
London,0,4.185,0.434
Barcelona,0,0.849,0.412
Amsterdam,1,0.416,0.446
London,2,3.838,0.167
London,1,1.547,0.473
London,2,3.529,0.111
London,1,3.739,1.679
London,1,3.244,0.329
London,3,7.315,1.853
London,1,5.887,0.128
London,1,7.618,1.52
London,1,1.99,0.596
Amsterdam,1,1.662,1.766
Amsterdam,1,2.819,1.518
Barcelona,2,2.334,0.277
London,2,5.387,0.286
London,2,5.94,0.378
Barcelona,1,1.19,0.471
Barcelona,2,1.286,0.732
London,1,0.34,0.241
London,2,3.596,0.903
